,context,question,answer
0,"一个铁塔一样的黑大个儿拦住了他。他用一种厌恶的神情站着看了大角一会儿：“啊，这个——是——什么？”他叫道。 
    “我是个孩子。”大角怯生生地说，“我是来找水银的，大夫说，我能在这儿找到水银。” 
    “孩子？”黑铁塔皱着眉头使劲地盯着他看，“够了，你是从木叶城来的吧。啊哈，你是那些无所事事的资产阶级享乐分子，你们总是索取，就没有想到过付出。” 
    “我不是享乐分子。”大角分辨说，“我只想要一点点水银。” 
    “啊，没错，我们这儿有水银。”黑铁塔吼着说，“我们这儿有水银，但是你得用劳动来交换，不劳而获是可耻的。”",啊，这个——是——什么？”,"{'铁塔一样的黑大个儿', '黑铁塔'}"
1,"因此，一天，达岸询问说：“听傲德说妈妈要去看望欧恩，是吗？”帕洛伊只好支支吾吾地应付了一句。达岸却双膝跪倒，抓住帕洛伊的双手，极恳切地说：
“妈妈，望妈妈相信我吧，我是最同情妈妈的。如果妈妈想去探望就去吧，我不反对。因为现在案子已经定妥了，按照监狱的规定，去探监是许可的。我只担心一样，就是妈妈自己。我想问一下妈妈，妈妈是否已做好了去看望欧恩哥哥的充分准备？上次我之所以不同意妈妈去的原因之一是：怕妈妈看到了狱中的哥哥，会比没看到时更加伤心、痛苦。妈妈可能因此而病倒。这一点是儿最挂心的。现在妈妈是否做好了充分准备？妈妈想没想到：欧恩哥哥是狱中犯人，不是一般的人可以随随便便地交谈的？”",“妈妈，望妈妈相信我吧，我是最同情妈妈的。如果妈妈想去探望就去吧，我不反对。因为现在案子已经定妥了，按照监狱的规定，去探监是许可的。我只担心一样，就是妈妈自己。我想问一下妈妈，妈妈是否已做好了去看望欧恩哥哥的充分准备？上次我之所以不同意妈妈去的原因之一是：怕妈妈看到了狱中的哥哥，会比没看到时更加伤心、痛苦。妈妈可能因此而病倒。这一点是儿最挂心的。现在妈妈是否做好了充分准备？妈妈想没想到：欧恩哥哥是狱中犯人，不是一般的人可以随随便便地交谈的？”,{'达岸'}
2,"妩恩看见帕洛伊膝行进来了，便打开装着蜜蜡的象牙盒子来涂唇 ，然后用无所谓的腔调发问：
“要跟你妈妈走吗？'
帕洛伊不作声，只是低头望着地板，连动也不敢动，感到全身说不出的冷。
“走就走，愈远愈好！别去了来，来了去，别丢你妈祖宗八代的人！”",“走就走，愈远愈好！别去了来，来了去，别丢你妈祖宗八代的人！”,{'妩恩'}
3,"傲德极为不满地注意着佘威与自己妹妹的关系。有时傲德板着脸，好几天不跟妹妹说一句话。有时，他实在忍无可忍，便对帕洛伊发牢骚：
“妈妈，儿对布拉俳这丫头恶心透了，她对那家伙的崇拜简直肉麻！妈妈都不能讲讲她吗？”
“你真一点儿也不替妈妈着想啊！”帕洛伊无可奈何地说。因为傲德的话正好说到帕洛伊心里，她也有这个感觉，但又不敢向自己承认。
“她又没什么错，妈怎么能讲她呢！你自己不是说过布拉俳长大了，不是孩子了吗？”
“这样也罢，”傲德的口气缓和了下来，“但如果妈妈的孩子和不好的人交往，妈妈还是可以禁止的！”",“她又没什么错，妈怎么能讲她呢！你自己不是说过布拉俳长大了，不是孩子了吗？”,{'帕洛伊'}
4,"帕洛伊看到这儿，望了望妈妈，妈妈却点头同意：“去吧，孩子。妈妈陪你去。向门槛儿磕个头就没事了，谁也不会把你怎么的。”接着又附耳说道：“帕洛伊，今后在宫中住下去，一定要牢牢记住：不要惹女门卫生气。她们可会骂人哩！我们惹不起她们哟！”
妈妈牵着帕洛伊的手回到门口。刚才跟妈妈打招呼的那位中年女门卫长问道：“她是蔡姆的孩子吗？她可能还没来过吧？”",“帕洛伊，今后在宫中住下去，一定要牢牢记住：不要惹女门卫生气。她们可会骂人哩！我们惹不起她们哟！”,"{'蔡姆', '妈妈'}"
5,"由于这种种缘故，所以，当达岸一天来见帕洛伊并征求她的意见时，她感到十分诧异并惊奇得几乎跳起来。那时达岸是这样对她说的：
“妈妈，佘威让我来征求意见，如果他来向布拉俳求婚，妈妈是否反对，如果不反对，他将请老人来办理。”
“佘威，……”帕洛伊重复着，她感到眼前一片昏黑，象要昏厥过去。
“佘威将向布拉俳求婚……慢着，达岸。让妈喘一口气……妈事先一点也不晓得……”
“他早告诉我他很喜欢布拉俳，从开始来往起就看上她了。我看他是个好人，先前又是要好的朋友——而且自前，说来他也是儿的上级。我也不好反对，并且介绍他认识了布拉俳，同意他到我们家里来。他有多好，多规矩，妈也见了。”达岸说。",“妈妈，佘威让我来征求意见，如果他来向布拉俳求婚，妈妈是否反对，如果不反对，他将请老人来办理。”,{'达岸'}
6,"赛伊正在专心倾听蔡姆叙述家事，但有时也瞥帕洛伊一眼。当她看到帕洛伊目不转睛地望着那些放食品的瓶子出神时，赛伊才想了起来，问道：
“吃过饭了没有啊？”
妈妈听到后双手合十，说道：
“噢！我和孩子自早上到现在水米还不曾沾牙理！看，都快晌午了！”
“蔡姆哟，你真是！只晓得服丈夫吵嘴，却让孩子饿饭，这可不饿坏了！”说着赛伊便招手要帕洛伊坐近些。”",“蔡姆哟，你真是！只晓得服丈夫吵嘴，却让孩子饿饭，这可不饿坏了！”,{'赛伊'}
7,"由于这种种缘故，所以，当达岸一天来见帕洛伊并征求她的意见时，她感到十分诧异并惊奇得几乎跳起来。那时达岸是这样对她说的：
“妈妈，佘威让我来征求意见，如果他来向布拉俳求婚，妈妈是否反对，如果不反对，他将请老人来办理。”
“佘威，……”帕洛伊重复着，她感到眼前一片昏黑，象要昏厥过去。
“佘威将向布拉俳求婚……慢着，达岸。让妈喘一口气……妈事先一点也不晓得……”
“他早告诉我他很喜欢布拉俳，从开始来往起就看上她了。我看他是个好人，先前又是要好的朋友——而且自前，说来他也是儿的上级。我也不好反对，并且介绍他认识了布拉俳，同意他到我们家里来。他有多好，多规矩，妈也见了。”达岸说。",“佘威将向布拉俳求婚……慢着，达岸。让妈喘一口气……妈事先一点也不晓得……”,{'帕洛伊'}
8,"“赛伊带谁上来了？”一位女子的声音从上面传来，声音像银铃一样清脆、圆润。帕洛伊想这大概是贵妃的声音，于是更低地垂下了头，不敢仰视。在赛伊回禀前，帕洛伊又听到：
“是蔡姆不是？”
帕浩伊替了妈妈一眼，见妈妈又顶礼膜拜一次，帕洛伊也就赶忙顶礼膜拜一次。
“噢，那是谁，问一句就拜一次？怎么样啊，蔡姆？走了几年啦？到今天才露面，我还以为你已不在了呢！”
“今天带女儿来献身哪，贵妃，”",“噢，那是谁，问一句就拜一次？怎么样啊，蔡姆？走了几年啦？到今天才露面，我还以为你已不在了呢！”,{'贵妃'}
9,"一天下午，达岸来跟妈妈谈了一会儿别的事情后便说：
“妈，你对傲德的事怎么个说法？”
“傲德又干了什么事呀，达岸？”帕洛伊问。
“傲德并没干什么事，妈妈。”达岸说。“问题在于：他什么也不干，白坐着吃，叫人替他心烦。”
“傲德是你的亲弟弟，”帕洛伊推脱地说，“达岸认为怎样好，为什么不能象亲弟兄一样谈谈呢？”
“妈妈心里也明白，岸无法跟他谈，一是他不听；二是一谈正经话，他就扯到玩笑上去了，甚至还用话气人。达岸都木愿意跟他说话了，只有母亲一人可以跟他谈。”",“妈妈心里也明白，岸无法跟他谈，一是他不听；二是一谈正经话，他就扯到玩笑上去了，甚至还用话气人。达岸都木愿意跟他说话了，只有母亲一人可以跟他谈。”,{'达岸'}
10,"“那孩子是你女儿吗？”贵妃垂询，“我看着你自小在这儿跑来跑去，长大了，就跑不见了，一回来就带来孩子，还要我养活。你这号人是养不起的，养大了就走了，然后又把孩子来顶替！”
跪坐在走廊上的几个宫女吃吃地笑了。
“身在福中不知福！”贵妃数落着，“嫌在宫里不好，要到外面去找丈夫，结果做了人家的小老婆。是丈夫把你撵回来的，还是自个儿要回来的，蔡姆？”
“自个儿要回来的呀！”妈妈禀道，“但他也不反对。”",“自个儿要回来的呀！”,"{'蔡姆', '妈妈'}"
11,"帕洛伊慈爱地抚摩着儿子的头，回说：
“满意了，傲德，满意极了，从今以后，妈的儿子将有工作做了，再没有人i归丈起你，叫儿心里难受了。”
“也别太肯定了。”傲德把母亲的手贴在自己的面颊上，接着说道：
“人们要想瞧不起谁，是能找到种种借口的。等着瞧吧。但这一次，傲德至少不欠谁的恩，领谁的情了。除了还欠最尊贵的妈妈的恩情外。”",“人们要想瞧不起谁，是能找到种种借口的。等着瞧吧。但这一次，傲德至少不欠谁的恩，领谁的情了。除了还欠最尊贵的妈妈的恩情外。”,{'傲德'}
12,"“举起盘子递上来！”帕洛伊就照着做。贵妃把盘上的鲜花、水灯、香、烛拿下放在身边，然后伸手轻轻摸了摸帕洛伊的头发，说：
“还不懂事哩！不知道容不容易跟人合得来！不要怕人怕得要命，一会儿把我看作是妖魔鬼怪！住在一块儿，就甭怕呀，帕洛伊！”",“举起盘子递上来！”,{'贵妃'}
13,"一天下午，傲德从部里回来，告诉帕洛伊说：“妈妈，儿已辞职了，明天不再去上班，从此结束了吧。“帕洛伊暗暗感谢帕姆预先的劝告。因而当傲德报告这一消息时，她没有表现出一丝诧异的样子让傲德发觉。她当时低头坐着，继续不停地进行每晚的例行佛事：把鲜花扎成束，用来供佛。她头也不抬地回答傲德：
“如果工作不合意，辞了出来也好，傲德。妈妈不愿让儿子勉强去做自己不喜欢的事儿。”
“是否早已有人告诉妈妈说儿要辞职？”傲德颇为疑惑。“没有，怎么啦？”
“儿以为妈妈至少也会奇怪，为什么儿不说一声就平白无故地辞了职，何况参加工作没有多久呢事实上，孩儿预想到妈妈会责骂呢！”",傲德,{'傲德'}
14,"“哈哈”贵妃笑了：“赛伊也像她一样嫁过丈夫吗？”在场的每个人都格格地笑了。羞得赛伊满脸通红，着急地大声道：
“嗳！贵妃怎么这样说呀，我说的是古话呀，又不是我自己的话！”
“那你怎么知道古话说的对呢？如果我们没经历过，哪儿会知道古话对不对呢？”在场的人又都哈哈大笑起来。",“那你怎么知道古话说的对呢？如果我们没经历过，哪儿会知道古话对不对呢？”,{'贵妃'}
15,"“且慢，达岸！”帕洛伊怕事情闹大，便急忙插话道：“这不是傲德的错，是妈自己想要新车，达岸别凭空怪罪弟弟。”“我谁也不怪罪。”达岸答道。根本不朝帕洛伊这边望一眼。“单是妈妈，一年四季也不见上哪儿去，要真买新车来，妈妈根本用不上它，不久新车就会变成旧车。咱每个人也都是大人了，谁想得到合意的东西使用，也该自个儿找一找，不能象公司里某些人坐着享福，而别的人忙得团团转。在这个家里，我看能舒舒服服享福的，只有妈妈一人。”
“岸哥指的是傲德吧？”傲德用一种使帕洛伊颇为不安的声调说。",“单是妈妈，一年四季也不见上哪儿去，要真买新车来，妈妈根本用不上它，不久新车就会变成旧车。咱每个人也都是大人了，谁想得到合意的东西使用，也该自个儿找一找，不能象公司里某些人坐着享福，而别的人忙得团团转。在这个家里，我看能舒舒服服享福的，只有妈妈一人。”,"{'岸哥', '达岸'}"
16,"“姑妈” 曹伊喊了一声。
“嗯？”赛伊应声答道，“曹伊说啥？”
“早上侄女在拉玛房前遇到昆赛茹，她叫我来问您：盒子的事，姑妈怎么讲？”
“噢！”赛伊叹了口气，一边拍了一下放在地板上迭好的衣服，好像这样可以帮助她消一口气似的。
“去告诉昆赛茹吧，说我不是富翁，买不起标价二十到三十仓的盒子，像我这样的人哪儿用得起这种金盒子！”",“去告诉昆赛茹吧，说我不是富翁，买不起标价二十到三十仓的盒子，像我这样的人哪儿用得起这种金盒子！”,{'赛伊'}
17,"在出发的前一天，帕姆来访。帕洛伊打趣道：
“坤銮带外甥儿去南方，请注意别带我儿去放荡，不然的话，我可真会气死。”
“帕洛伊，你这人哟，怎么把哥哥看成启德那样的人啦？”帕姆笑道。
“唉，我说的是真话呀！”帕洛伊说。“坤銮可有启德的什么消息没有？他早就没影子了，大姐姐死时，他就没有来。”",“坤銮带外甥儿去南方，请注意别带我儿去放荡，不然的话，我可真会气死。”,{'帕洛伊'}
18,"过了宫门，曹伊就叫快点回去，说天一黑就要添麻烦，因为没有拿证明。
帕洛伊疑惑：“什么证明啊？”
“噢！半夜里在宫中行走要持火把，以证明你是官中人，你要记住，摸黑儿走就会出纰漏！”
帕洛伊仍不理解。",“噢！半夜里在宫中行走要持火把，以证明你是官中人，你要记住，摸黑儿走就会出纰漏！”,{'曹伊'}
19,"佘威有一天说：
“我看昆岸一个人劳累，便禁不住可怜。”
佘威总称达岸为“昆”，以表示他对达岸的尊敬。事实上，他虽是达岸的妹夫，但他较年长而且是达岸的上级与朋友，照习惯是完全不用称昆岸的。
“为什么呀，佘威？”帕洛伊老老实实地问。她实在不晓得达．岸为什么那么劳累，以致佘威要可怜他。
“他在部里工作的态度是值得赞扬的。不论工作多么繁重，他总全力投身进去，从不推脱、躲避。部里的工作做完，又得照顾家里的事务。”
“家里的什么事务？不见有什么事务啊！”帕洛伊摸不着头脑地问。",“他在部里工作的态度是值得赞扬的。不论工作多么繁重，他总全力投身进去，从不推脱、躲避。部里的工作做完，又得照顾家里的事务。”,{'佘威'}
20,"帕洛伊靠近妈妈，悄悄说：“妈妈，你真要走吗？”
妈妈深深叹了口气，把帕洛伊抱得紧紧的，耳语般地答道：“先睡吧，好孩子！”停了一会儿又说道：“帕洛伊要记住：妈妈是最爱帕洛伊的。以后如果妈妈做了什么也都希望你知道，妈妈都是为了你好才做的，你不要往别处想。”",“帕洛伊要记住：妈妈是最爱帕洛伊的。以后如果妈妈做了什么也都希望你知道，妈妈都是为了你好才做的，你不要往别处想。”,{'妈妈'}
21,"关于欧洲爆发战争的消息，是达岸告诉帕洛伊的。那是好久以前的一天早晨，在吃早饭时，达岸遇见了帕洛伊，神情严肃地对她说：
“妈妈，欧洲又打仗了！”
“啊！”帕洛伊猛吃一惊。“谁在打呢，达岸？上次的战争好像才结束不久哇！”
“一方是德国，一方是英、法。”
“跟上次一样。”帕洛伊一边说着一边坐下低头盛饭。过了一会儿，说：
“上次，德国已败了，这次，怎么又来打呢！达岸，你说，这次谁将胜呢？”",“一方是德国，一方是英、法。”,{'达岸'}
22,"“坐在我身边来！”贵妃示意帕洛伊：“来切姜。拿这把钝一点的刀去，小心把手切着了！”接着便给帕洛伊两三块姜头和一把小刀。帕洛伊记起妈妈临走时的嘱咐，立即照着去做。过了一会儿，贵妃拿起好几片切好的姜让帕洛伊看，问：“好看不？”
“好看。”
“指给我看，哪片好看，拿出来放在盘子里，喜欢哪片就拿哪片。”",“指给我看，哪片好看，拿出来放在盘子里，喜欢哪片就拿哪片。”,{'贵妃'}
23,“哎呀，我的天哪！你真是没痛没苦的人哪！”帕洛伊埋怨说。“不知道国家将会怎么样，难道你就一点也不忧心吗？”“即使忧心，不也就如此吗，可爱的帕洛伊呀！”帕姆快活地说，“如果我忧愁，也保卫不了什么！要来的总归要来，我们去挡，去拦，也无济于事。事实是：战争是可怕的，特别是现代战争比以前更残酷。但有什么法子，我们反正已经老了，你什么都见过了，什么福都享过了，什么苦也见过了，也该知足了。即使今天不死，明天也要死；慢一点死或早一点死，总归要死，我们何惧之有呢！”“你说的虽是事实，但我止不住想：我还是怕死！真不知道这是为什么！说真的，如果真的乒乒砰砰地打起来，我怎么办呢？你不要丢下我不管哪！”,“你说的虽是事实，但我止不住想：我还是怕死！真不知道这是为什么！说真的，如果真的乒乒砰砰地打起来，我怎么办呢？你不要丢下我不管哪！”,{'帕洛伊'}
24,"“帕洛伊！”妈妈也喊了一声，便紧紧地抱住帕洛伊的身子，亲了又亲：“帕洛伊，看，你长大了，妈几乎不记得了！你好大力气呀，一下子都要坐断妈妈的腿了！”说着又亲起来，笑得眼泪都流出来了。赛伊在一旁笑容可掬地看着这母女俩。“妈妈什么时候到的？”
“刚到一小会儿，还没来得及洗洗擦擦。是从北柳府乘船来的，一下船就来了。帕洛伊过得怎么样？好不好？生过病没有？想妈妈吗？”
“唉！都想死了，妈为什么去这么久呀？”",“妈妈什么时候到的？”,{'帕洛伊'}
25,"一天，帕洛伊正在跟布拉俳聊天，达岸也参加进来，并间布拉俳：
“布拉俳，别人说最近你丈夫发了财是不是？'
“徘什么都不知道。”
“噢，你们是夫妻怎么不知道？”
“他的买卖，他从来没有给我漏过一个字！”布拉俳说。“不过，他倒间过我，妈妈有些什么买卖，都在哪儿，当我说不知道也不关心时，他就骂我不象个大人样！以后穷困时都不知怎么一回事所以，我恨透了！”
“那就算啦！”达岸说。“哥哥随便间问。因为有人说佘威跟日本人做买卖发了大财，怪不得他跟日本人那样亲密！”说毕，便扬长而去。",“徘什么都不知道。”,"{'布拉俳', '徘'}"
26,"“帕洛伊！”妈妈也喊了一声，便紧紧地抱住帕洛伊的身子，亲了又亲：“帕洛伊，看，你长大了，妈几乎不记得了！你好大力气呀，一下子都要坐断妈妈的腿了！”说着又亲起来，笑得眼泪都流出来了。赛伊在一旁笑容可掬地看着这母女俩。“妈妈什么时候到的？”
“刚到一小会儿，还没来得及洗洗擦擦。是从北柳府乘船来的，一下船就来了。帕洛伊过得怎么样？好不好？生过病没有？想妈妈吗？”
“唉！都想死了，妈为什么去这么久呀？”",“刚到一小会儿，还没来得及洗洗擦擦。是从北柳府乘船来的，一下船就来了。帕洛伊过得怎么样？好不好？生过病没有？想妈妈吗？”,"{'妈妈', '妈'}"
27,"一天，帕洛伊正在跟布拉俳聊天，达岸也参加进来，并间布拉俳：
“布拉俳，别人说最近你丈夫发了财是不是？'
“徘什么都不知道。”
“噢，你们是夫妻怎么不知道？”
“他的买卖，他从来没有给我漏过一个字！”布拉俳说。“不过，他倒间过我，妈妈有些什么买卖，都在哪儿，当我说不知道也不关心时，他就骂我不象个大人样！以后穷困时都不知怎么一回事I所以，我恨透了！”
“那就算啦！”达岸说。“哥哥随便间问。因为有人说佘威跟日本人做买卖发了大财，怪不得他跟日本人那样亲密！”说毕，便扬长而去。”",“噢，你们是夫妻怎么不知道？”,{'达岸'}
28,"“帕洛伊！”妈妈也喊了一声，便紧紧地抱住帕洛伊的身子，亲了又亲：“帕洛伊，看，你长大了，妈几乎不记得了！你好大力气呀，一下子都要坐断妈妈的腿了！”说着又亲起来，笑得眼泪都流出来了。赛伊在一旁笑容可掬地看着这母女俩。“妈妈什么时候到的？”
“刚到一小会儿，还没来得及洗洗擦擦。是从北柳府乘船来的，一下船就来了。帕洛伊过得怎么样？好不好？生过病没有？想妈妈吗？”
“唉！都想死了，妈为什么去这么久呀？”",“唉！都想死了，妈为什么去这么久呀？”,{'帕洛伊'}
29,"布拉俳一点不着急，戴着各式各样的帽子照常来来去去，看样子，那些帽子都是特意挑选的时髦款式，而且一顶一个样，顶顶不同。
一天，帕洛伊问女儿：
“你整天戴帽子，不觉得烦吗？'
“烦什么啊，他们都说徘的面孔适合戴帽子，戴上好看！妈妈什么时候也试着戴戴看，我有好多顶，拣一顶给妈妈戴戴看吧！”“不要，不要！“帕洛伊喊起来。“你疯了，死丫头！你别让妈跟你一样疯吧！“
“妈妈也真是，”布拉俳快活地笑着说，“真没文化，小心点，哪一天警察抓你走！”",“烦什么啊，他们都说徘的面孔适合戴帽子，戴上好看！妈妈什么时候也试着戴戴看，我有好多顶，拣一顶给妈妈戴戴看吧！”,"{'布拉俳', '徘'}"
30,"“戚姆是什么人？”赛伊一边问一边察看着蔡姆的面部表情。帕洛伊一听到妈妈讲到别人，也就注意起来。
“他是我的远房亲戚。”妈妈避开赛伊注视的目光。也许是由于幻觉，也许是由于窗户透过来的强烈光线，帕洛伊看到妈妈的面孔泛出了一层红晕。”",“他是我的远房亲戚。”,"{'蔡姆', '妈妈'}"
31,"下午，达岸回来了，帕洛伊高兴地告诉他傲德要回来的事，达岸听了当然也很高兴，便说：,
“妈妈高兴，我也同样高兴。跟弟弟分别不少日子了，我也时常想念他。”
“岸还没有忘记你跟妈说过的事吧？”帕洛伊问。“什么事，妈妈？”
“噢！就是你说的想让他回家来工作的事。”
“哦！这事呀，”达岸沉思地说。“他回来后我再跟他提提看，如果妈妈帮助讲讲，也可能使他决心留下来不回去。",“什么事，妈妈？”,"{'岸', '达岸'}"
32,"“我还以为怎么啦，什么事那么害羞？”赛伊不相信自己耳朵似地问。
匹特默默无语，不愿回答。但瞧见赛伊在那儿等着答复，帕洛伊在那儿抽泣，匹特也伤心地哭了起来，用衣服蒙住脸哭着说：
“她怀孕了呀！”
赛伊怔怔地一时说不上话来。过了一会儿，醒了似的轻轻地问道：
“跟谁怀的孕？是不是戚姆那家伙？”
“是呀，就是他呀！”",“是呀，就是他呀！”,{'匹特'}
33,"帕洛伊答应帮助佘威，减轻了布拉俳的负担，布拉俳松了口气，满意了，和达岸谈了些别的话就告辞而去。
布拉俳走后，达岸仍旧坐着不动，接连叹了两三口气。忧心忡仲地往外望了望，悄悄说：
“妈，你看布拉俳可真幸福？”
“妈也猜不透！但也不见她有什么痛苦！.'
“开始，我以为她幸福，但现在我失去信心了。或者是我自己有所改变的缘故！”
“人的心情有所改变是自然的。”帕洛伊安慰儿子：“你不要为此过于忧虑，布拉俳己是大人，不是孩子了。”",“妈，你看布拉俳可真幸福？”,{'达岸'}
34,"“匹特来帮助赶蚊子，放蚊帐，同时乘机向帕洛伊谈起她妈妈：“昆帕洛伊，别那么伤心！”匹特开始叙述道，“你妈不打紧的，怀孕是普通的事。并不会太吃苦，何况你妈并不老，生孩子不妨事。你想一想，你妈一个女人家孤身一人住在外府，怎么能生活下去呀！总得找个靠山。”
“那个戚姆是个什么样的人呢，匹特？”",“那个戚姆是个什么样的人呢，匹特？”,"{'昆帕洛伊', '帕洛伊'}"
35,"帕洛伊答应帮助佘威，减轻了布拉俳的负担，布拉俳松了口气，满意了，和达岸谈了些别的话就告辞而去。
布拉俳走后，达岸仍旧坐着不动，接连叹了两三口气。忧心忡仲地往外望了望，悄悄说：
“妈，你看布拉俳可真幸福？”
“妈也猜不透！但也不见她有什么痛苦！.'
“开始，我以为她幸福但现在我失去信心了。或者是我自己有所改变的缘故！”
“人的心情有所改变是自然的。”帕洛伊安慰儿子：“你不要为此过于忧虑，布拉俳己是大人，不是孩子了。”",“妈也猜不透！但也不见她有什么痛苦！.',{'帕洛伊'}
36,"“曹伊一瞥见讷昂便立即大声问道：“讷昂哥哥，你说小花生了小狗惠子，在哪儿呀？”
“生过的。但妈妈全送了人，汪汪叫得烦死人！”“嘿！你怎么不留下一只让我看看呀！”
“我哪儿知道你要看呀！”随后指着曹伊抱的狗说：“嘿！怎么能抱着玩呢，脏死人了”",“生过的。但妈妈全送了人，汪汪叫得烦死人！”,"{'讷昂', '讷昂哥哥'}"
37,"达岸把头伏在帕洛伊膝上，并不仰起脸来轻轻地说：“我是不信发的誓竟能成谶语的。但我怀疑，也没信心，我自己是做错了呢，还是做对了。这种怀疑使我十分痛苦。有时,听人谈起国家的现状就使我更加痛心，如凿牙穿腮一样。”“岸，岸，”帕洛伊轻轻地呼喊，“你别谈这些事了，不要担忧，不要想得过多，妈妈时常为你祷告，为你祝福l没有什么祝福比发自父母内心的祝福更灵验有效了。妈知道你是真诚的，只有好意。你是不会有什么的，放心吧！”
达岸跪在帕洛伊膝前，满面泪痕，以一种带哭的腔调说道：“祝福孩儿吧，妈妈，更多些地祝福吧l岸除了妈妈的祝福别无所求。”",“你别谈这些事了，不要担忧，不要想得过多，妈妈时常为你祷告，为你祝福l没有什么祝福比发自父母内心的祝福更灵验有效了。妈知道你是真诚的，只有好意。你是不会有什么的，放心吧！”,{'帕洛伊'}
38,"曹伊一瞥见讷昂便立即大声问道：“讷昂哥哥，你说小花生了小狗惠子，在哪儿呀？”
“生过的。但妈妈全送了人，汪汪叫得烦死人！”“嘿！你怎么不留下一只让我看看呀！”
“我哪儿知道你要看呀！”随后指着曹伊抱的狗说：“嘿！怎么能抱着玩呢，脏死人了”",“嘿！你怎么不留下一只让我看看呀！”,{'曹伊'}
39,"天亮了。帕姆一早就赶来探望。一见帕洛伊，帕姆就喊：
“看到没有，帕洛伊！我早就说过了嘛！”
“看到什么呀，坤銮？如果象昨天晚上那样天关看，我肯定活不长！再也不想看，再也不想遇见！”
“不是！”帕姆告诉她说：“我的意思是指过去普遍说的西洋人一定失败的事怎样啦。这次看到了吧！西洋人开始反击了！”",“看到什么呀，坤銮？如果象昨天晚上那样天关看，我肯定活不长！再也不想看，再也不想遇见！”,{'帕洛伊'}
40,"“曹伊一瞥见讷昂便立即大声问道：“讷昂哥哥，你说小花生了小狗惠子，在哪儿呀？”
“生过的。但妈妈全送了人，汪汪叫得烦死人！”“嘿！你怎么不留下一只让我看看呀！”
“我哪儿知道你要看呀！”随后指着曹伊抱的狗说：“嘿！怎么能抱着玩呢，脏死人了”",“我哪儿知道你要看呀！”,"{'讷昂', '讷昂哥哥'}"
41,"在连续爆炸之后，帕洛伊终于耐不住，立即抱上早已吓哭了的孙子大步地走了出去，一边喊着：
“绶姆载，爱德……快！翠伊帮助拿一下放在门口的箱子，一块儿下去吧！”
刚刚在防空洞中坐定，帕洛伊环顾四周，没见布拉俳和佘威，也不见达岸的影子，于是问：
“绶姆载，达岸上哪儿去了？”
“他到外面办事去了，说要回来吃中饭。”说毕，担心得就像要哭的样子。”",“他到外面办事去了，说要回来吃中饭。”,{'绶姆载'}
42,"“那天，在讷昂向曹伊吹嘘自己就要毕业去当军官时，曹伊问：“讷昂哥哥，如果你去当了军官，你将先做什么？”
“去训练士兵呀，这还用问！”
“不是，我是向你自己先要做什么！”
“噢！真难回答！不知道……可能先要成家？”",“去训练士兵呀，这还用问！”,"{'讷昂', '讷昂哥哥'}"
43,"“你比我还强得多，帕洛伊。”曹伊劝慰道。“一个家屋毁了，还有一个家屋可住。象我，如果有谁来把我从宫中赶走，我连去的地方都没有。”
“我家里还有地方，你要什么时候去住，都随便，我说的是真的，曹伊！”
“好吧，帕洛伊。我知道，如果我去跟你一块儿住，你也会象我今天一样高兴。但去住了，不规定回来的时间，我就不干了。我们从小相亲相爱，我就想保留这种纯洁的关系直到老死。现在真要长久住在一起，碰上我这样一个老糊涂，你就会讨厌，或者憎恶我了！”",“好吧，帕洛伊。我知道，如果我去跟你一块儿住，你也会象我今天一样高兴。但去住了，不规定回来的时间，我就不干了。我们从小相亲相爱，我就想保留这种纯洁的关系直到老死。现在真要长久住在一起，碰上我这样一个老糊涂，你就会讨厌，或者憎恶我了！,{'曹伊'}
44,"“那天，在讷昂向曹伊吹嘘自己就要毕业去当军官时，曹伊问：“讷昂哥哥，如果你去当了军官，你将先做什么？”
“去训练士兵呀，这还用问！”
“不是，我是向你自己先要做什么！”
“噢！真难回答！不知道……可能先要成家？”",“噢！真难回答！不知道……可能先要成家？”,"{'讷昂', '讷昂哥哥'}"
45,"一天，达岸问：
‘妈妈，可收藏得有一千株一张的纸币？”
“啊，妈妈似乎有一张两张放在箱子里，要先找找看。达岸问这干吗？”
“政府命令收一千株一张的纸币……”达岸的话还没说完，帕洛伊就喊了起来：
“噢！为什么要这样查封财产啊？”
“不是，不是！”达岸解释说，“他们临时收回去用，以后还要归还。换句话说，一千株的票子能够也容易买到大量东西，所以物价每天上涨。”",“啊，妈妈似乎有一张两张放在箱子里，要先找找看。达岸问这干吗？”,{'帕洛伊'}
46,"一次，曹伊直截了当地问．“帕洛伊，我真心间你，最近你怎么啦？”
“没什么！”帕洛伊含糊其词地回了一句。
“没什么？那么，最近你有些神思恍惚，喜欢一个人坐在那儿发呆，不跟人讲话，又是因为什么呀？”曹伊步步紧逼地问。",“没什么？那么，最近你有些神思恍惚，喜欢一个人坐在那儿发呆，不跟人讲话，又是因为什么呀？”,{'曹伊'}
47,"每个人都提出了各自不同的意见，应该做些什么，等等。帕姆的意见是一切都要照古老方式举行，要让出家为僧者为父母诵感恩经。但欧恩不同意。他说：“我请舅舅原谅，不要搞得太热闹。我不是在守夏节出家，也不是年纪一满就削发，太热闹，反而使我难堪。现在东西也很贵，搞得太热闹，也太浪费了。”
“噢，那就没有味道啦，欧恩。你要出家修行，就应该让我们这些在俗的亲人好好庆贺一番。”
欧恩转身看看帕洛伊，好像祈求妈妈的帮助，然后慢慢地说：
“由妈妈决定吧…”",“噢，那就没有味道啦，欧恩。你要出家修行，就应该让我们这些在俗的亲人好好庆贺一番。”,"{'帕姆', '舅舅'}"
48,每逢曹伊对自己讲起讷昂时，帕洛伊总是愉快地听着，唯恐漏掉一个字，一句话。“讷昂不是什么坏人，”一次她们坐在一块儿谈心时曹伊这样说，“我认为他是个乐观的人，好说说笑笑，喜欢玩乐。其实心里并不坏。因为我们的家庭就是这样的，这一点你是了解的。”每逢曹伊讲到讷昂时，帕洛伊总是静静地听，不知怎样回答曹伊好。,“讷昂不是什么坏人，”,{'曹伊'}
49,"第二天下午，佘威来了。正在为药发愁的达岸一见面就问起药来，佘威沉默了一会儿才慢吞吞地回答道：
“我们泰国的每一样东西，如果谁想搞，都能搞得到。主要之点在于我们能否给他所要的价钱。”
“好吧，佘威。”达岸焦急地说。“多少钱，你说吧！只要能治好妈妈的病就随它去。”
“达岸要的药是一种针剂。”佘威故弄玄虚道。“很难搞到，因为太少了。有药的人跟咱是朋友，一听说是妈妈病了，他乐意以比市场价格略低的价格让给我们。”
“他要多少？”
“他要每支四千五百妹。”佘威不动声色地说。
帕洛伊一听这个价钱魂儿几乎吓掉了，一支针药这么大的价钱，几乎使她的心停跳了一下。达岸这边也吓了一大跳。",“他要多少？”,{'达岸'}
50,每逢曹伊对自己讲起讷昂时，帕洛伊总是愉快地听着，唯恐漏掉一个字，一句话。“讷昂不是什么坏人，”一次她们坐在一块儿谈心时曹伊这样说，“我认为他是个乐观的人，好说说笑笑，喜欢玩乐。其实心里并不坏。因为我们的家庭就是这样的，这一点你是了解的。”每逢曹伊讲到讷昂时，帕洛伊总是静静地听，不知怎样回答曹伊好。,“我认为他是个乐观的人，好说说笑笑，喜欢玩乐。其实心里并不坏。因为我们的家庭就是这样的，这一点你是了解的。”,{'曹伊'}
51,"据说真一的朋友——一个学生，在神宫入口担任半个月的检票工作，他告诉真一：现时樱花正盛开。

    “是我叫他留心观察的，再没有比这个消息更确切的啦。”

    真一说着，浅浅一笑，笑得那样迷人。

    “他会留意我们吗？”千重子问。

    “他是个看门人，谁都得经过这道关卡才能进去的呀。”

    真一又笑了几声。“不过，如果你不愿意这样，咱们就分别进行，在院里的樱花树下相会好了。好在那些花，即便是独自一个人，也是百看不厌的。”

    “那么，你就一个人去看好罗。”

    “好是好，不过万一今晚来一场大雨，花全凋谢了，我可就不管了。”

    “我就看落花的景致呗。”",“我就看落花的景致呗。”,{'千重子'}
52,“帕洛伊最近身体可好？”讷昂在熟视帕洛伊良久后这样问道，“我们好久没见面了，你好像瘦了。没有什么不适吧？”在得到肯定回答后又接着说：“我每次来都渴望见到你，可就是见不到你。我是多么想念你啊！你也真能深居简出，一点也不想我吗？”“也想。但如果我常常出来跟你会面，我担心别人说闲话。我不是你的亲妹妹，现在我们都大了，不能再象孩子时那样自由地在一块儿玩耍、谈笑。我们应该小心谨慎才是，以防别人说闲话。”,“也想。但如果我常常出来跟你会面，我担心别人说闲话。我不是你的亲妹妹，现在我们都大了，不能再象孩子时那样自由地在一块儿玩耍、谈笑。我们应该小心谨慎才是，以防别人说闲话。”,{'帕洛伊'}
53,"真一领头踏上了池子的踏石。这叫做“涉水”。这是一种圆踏石，就像把华表切断排列起来似的。千重子踏上去，有时还得稍稍撩起和服的下摆。

    真一回过头来说：“我背你过去。”

    “不妨试试，我佩服你。”

    当然，这些踏石连老太婆都走得过去。

    踏石边上也漂浮着睡莲的叶子。而靠近对岸，踏石周围的水面，倒映着小松树的影子。",“不妨试试，我佩服你。”,{'千重子'}
54,"谈完了这些，帕姆话锋一转，问：
“帕洛伊认不认得布雷木？”
帕洛伊一听这个名字猛吃一惊，随即反问：
“哪个布雷木？我不认得！”
“我的朋友布雷木，他是国王侍从官。他告诉我说他认得帕洛伊，常常遇见你。”
“我不认得他，帕姆。宫中的人成百上千，谁会全认识。就说你吧，你怎么和他认识的？”",“我的朋友布雷木，他是国王侍从官。他告诉我说他认得帕洛伊，常常遇见你。”,{'帕姆'}
55,"每次更换，父亲都感激千重子的体贴，并把这些丝绸的掌故告诉她，诸如这是爪哇的产品，那是伊朗的，或这是什么年代，那是什么图案等等。这种详细的解说，千重子也有些地方听不懂。

    “做袋子太可惜，剪开用作茶道的小绸巾又嫌太大，要是做腰带，大概可以做几条吧。”千重子有一回把帷幔环视了一圈，这么说道。

    “拿剪刀来……”太吉郎说。

    父亲接过剪刀，就手把帷幔剪开，真不愧是名师巧手。

    千重子大吃一惊，眼睛湿润了。

    “爸爸，不行吧？”

    “没关系，没关系，你系上这种印花腰带，说不定我还会想出更好的图案来呢。”",“没关系，没关系，你系上这种印花腰带，说不定我还会想出更好的图案来呢。”,"{'太吉郎', '父亲', '爸爸'}"
56,"“谈完了这些，帕姆话锋一转，问：
“帕洛伊认不认得布雷木？”
帕洛伊一听这个名字猛吃一惊，随即反问：
“哪个布雷木？我不认得！”
“我的朋友布雷木，他是国王侍从官。他告诉我说他认得帕洛伊，常常遇见你。”
“我不认得他，帕姆。宫中的人成百上千，谁会全认识。就说你吧，你怎么和他认识的？”",“我不认得他，帕姆。宫中的人成百上千，谁会全认识。就说你吧，你怎么和他认识的？”,{'帕洛伊'}
57,"千重子准备好了吃樽源豆腐用的餐具，然后端了出来。——这些餐具都是从自己家里带来的。

    千重子很勤快地伺候着她的父亲。

    “你也一块儿吃点好吗？”父亲说。

    “嗯……”千重子回答。

    父亲从女儿的肩膀到胸口上下大量了一下，说：

    “太朴素了。你光穿我构图的衣裳啊。恐怕只有你一个人愿意穿这些，因为这都是卖不出去的啊……”

    “我喜欢它才穿的，挺好嘛。”

    “嗯，只是太朴素了。”

    “朴素是朴素，不过……”",“我喜欢它才穿的，挺好嘛。”,{'千重子'}
58,"一天，匹特来找帕洛伊，并问：
“昆帕洛伊，什么时候回宫里去？已经来了十天了。”
“我也正想着，要尽快地回去。”帕洛伊说道，“但翠伊还要我们再住儿天。‘匹特做什么呢？”
“奴不做什么。最好两三天就回去，再住下可能会出事了。”
“出什么事呀，匹特？”帕洛伊一听要出事了，心里立即不舒服起来，“我没跟人发生什么冲突呀！”
“你没有，但奴天天跟她们发生冲突。现在奴要到小船上买东西吃了，你可知道？因为我不想进厨房。这个家里的人，天天都在骂给我听！”
“骂谁呀？”
“不指名地骂。但奴也猜得出。如果再住下去，总有一天要出事。奴可再也忍受不下去了，大打一场才能出这口气！”",“你没有，但奴天天跟她们发生冲突。现在奴要到小船上买东西吃了，你可知道？因为我不想进厨房。这个家里的人，天天都在骂给我听！”,{'匹特'}
59,"阿繁同丈夫保持一定的距离，紧挨着女儿身旁。千重子心里觉得好笑，脸上却没有表露出来。

    “妈，白郁金香园前面那堆人，好像是在相亲哩。”千重子向母亲窃窃耳语。

    “噢，可能是吧。”

    “咱们去看看吧，妈。”

    母亲被女儿拽着袖子走。",“噢，可能是吧。”,"{'母亲', '阿繁', '妈'}"
60,"一天，匹特来找帕洛伊，并问：
“昆帕洛伊，什么时候回宫里去？已经来了十天了。”
“我也正想着，要尽快地回去。”帕洛伊说道，“但翠伊还要我们再住儿天。‘匹特做什么呢？”
“奴不做什么。最好两三天就回去，再住下可能会出事了。”
“出什么事呀，匹特？”帕洛伊一听要出事了，心里立即不舒服起来，“我没跟人发生什么冲突呀！”
“你没有，但奴天天跟她们发生冲突。现在奴要到小船上买东西吃了，你可知道？因为我不想进厨房。这个家里的人，天天都在骂给我听！”
“骂谁呀？”
“不指名地骂。但奴也猜得出。如果再住下去，总有一天要出事。奴可再也忍受不下去了，大打一场才能出这口气！”",“我没跟人发生什么冲突呀！”,"{'昆帕洛伊', '帕洛伊'}"
61,"太吉郎无可奈何，又在花丛中走起来。

    “佐田先生……没错，是佐田先生。”有人喊道。

    “啊，是大友先生。秀男一道来了吗？”太吉郎说，“没想到会在这儿……”

    “可不，我也没想到……”宗助说着，深深鞠了一躬。

    “我很喜欢这里的樟树林荫道，一直等待植物园的重新开放。这些樟树都有五六十年了。我们是信步走过来的。”宗助又抱歉说：“前些日子，我孩子太不懂礼貌了……”",“佐田先生……没错，是佐田先生。”,"{'大友先生', '宗助'}"
62,"一天，匹特来找帕洛伊，并问：
“昆帕洛伊，什么时候回宫里去？已经来了十天了。”
“我也正想着，要尽快地回去。”帕洛伊说道，“但翠伊还要我们再住儿天。‘匹特做什么呢？”
“奴不做什么。最好两三天就回去，再住下可能会出事了。”
“出什么事呀，匹特？”帕洛伊一听要出事了，心里立即不舒服起来，“我没跟人发生什么冲突呀！”
“你没有，但奴天天跟她们发生冲突。现在奴要到小船上买东西吃了，你可知道？因为我不想进厨房。这个家里的人，天天都在骂给我听！”
“骂谁呀？”
“不指名地骂。但奴也猜得出。如果再住下去，总有一天要出事。奴可再也忍受不下去了，大打一场才能出这口气！”",“不指名地骂。但奴也猜得出。如果再住下去，总有一天要出事。奴可再也忍受不下去了，大打一场才能出这口气！”,{'匹特'}
63,"“秀男这孩子很稳重。”太吉郎试探宗助说，“虽年轻，但为人可靠啊。真是……”

    “噢，谢谢。”宗助若无其事地说，“他干起活来，倒是蛮卖力气的。不过，在人前尽出纰漏，鲁莽……叫人不放心啊。”

    “那好嘛。我打那次以后，一直挨秀男训……”太吉郎反而高兴地说。

    “真是的，请你原谅，那孩子太……”宗助鞠了鞠躬，“连父母的话，他不理解的就不听从。”

    “这很好嘛。”太吉郎点点头，“今天又为什么只带秀男一个人出来呢？”

    “如果连他弟弟也带来，家里的织机不就得停下来了吗？加上这孩子个性倔强，我想让他在我所喜欢的樟树林荫道上走走，也许能使他受到熏陶，变得温柔些……”

    “这条林荫道真好啊。其实，大友先生，你要知道，我也是受到秀男的好心劝告，才把阿繁和千重子带到这儿来的呀。”",“如果连他弟弟也带来，家里的织机不就得停下来了吗？加上这孩子个性倔强，我想让他在我所喜欢的樟树林荫道上走走，也许能使他受到熏陶，变得温柔些……”,"{'大友先生', '宗助'}"
64,"当船尾正对着家的前面时，坐在船尾的匹特朝家的方向把吃槟榔的唾液用力地吐了过去，同时轻声埋怨道：
“终于又一次跳出了苦海里，以后老娘还是要来的！下一次来就有你们好看的了！”
翠伊听到了匹特的话，就含笑与帕洛伊对看了一眼。
帕姆却问：“你埋怨啥呀，匹特？”
“没有呀，昆帕姆！我只是祝福家中个别人，望她更加阔起来！”
“谁受了匹特的祝福，肯定可以阔起来！”
“就是呀，奴的祝福是从不落空的！”",“谁受了匹特的祝福，肯定可以阔起来！”,"{'昆帕姆', '帕姆'}"
65,"“这孩子真有意思。”太吉郎想起扇秀男一记耳光的事来，一边忍住笑一边说，“千重子，你和秀男谈得很投缘呀，他在年轻姑娘面前胆怯吗？”

    千重子的眼光里露出腼腆的神色，说：

    “你是说在樟木林荫道上？……我只听他讲，不知他为什么这样兴冲冲地同我谈了这许多呢？……”

    “那是因为他喜欢千重子呗，连这点你都不明白？他曾说你比中宫寺和广隆寺的弥勒佛爷还美呐……连爸爸都吓一跳，那么一个别扭的小伙子，竟会说出这样了不起的话来。”

    “……”千重子也吃了一惊，脸唰地涨红到了耳朵根。

    “他和你都说了些什么了？”父亲探问。", “那是因为他喜欢千重子呗，连这点你都不明白？他曾说你比中宫寺和广隆寺的弥勒佛爷还美呐……连爸爸都吓一跳，那么一个别扭的小伙子，竟会说出这样了不起的话来。”,"{'太吉郎', '父亲', '爸爸'}"
66,"“当船尾正对着家的前面时，坐在船尾的匹特朝家的方向把吃槟榔的唾液用力地吐了过去，同时轻声埋怨道：
“终于又一次跳出了苦海里以后老娘还是要来的！下一次来就有你们好看的了！”
翠伊听到了匹特的话，就含笑与帕洛伊对看了一眼。
帕姆却间：“你埋怨啥呀，匹特？”
“没有呀，昆帕姆！我只是祝福家中个别人，望她更加阔起来！”
“谁受了匹特的祝福，肯定可以阔起来！”
“就是呀，奴的祝福是从不落空的！”",“就是呀，奴的祝福是从不落空的！”,{'匹特'}
67,"田延豹曾戏谑地说：“侍者一定把咱们当成同性恋了。”不过今天他没心戏谑谚了。他久久地盯着天花板，烟卷在唇边明明灭灭。很久以后他终于开口： 
    “老费，明天我要出去找田歌。我不放心她和那人在一起。” 
    费新吾早就知道，田延豹和堂妹的感情极为深厚。他勉强开玩笑说：“不必顾虑太多，即使谢豹飞身上嵌有猎豹基因的片断，他仍然是人而不是一头豹子。” 
    “不管怎样，我要尽力找到她。”",“老费，明天我要出去找田歌。我不放心她和那人在一起。” ,{'田延豹'}
68,"当船尾正对着家的前面时，坐在船尾的匹特朝家的方向把吃槟榔的唾液用力地吐了过去，同时轻声埋怨道：
“终于又一次跳出了苦海里，以后老娘还是要来的！下一次来就有你们好看的了！”
翠伊听到了匹特的话，就含笑与帕洛伊对看了一眼。
帕姆却间：“你埋怨啥呀，匹特？”
“没有呀，昆帕姆！我只是祝福家中个别人，望她更加阔起来！”
“谁受了匹特的祝福，肯定可以阔起来！”
“就是呀，奴的祝福是从不落空的！”",“没有呀，昆帕姆！我只是祝福家中个别人，望她更加阔起来！”,{'匹特'}
69,"费新吾沉吟着，他想陪小田一块去，又觉得不能离开此地。田延豹猜到了他的想法，说：“老费你留在这儿，我会经常同你联系，一旦田歌同这儿联系，请你立即把她的地址转给我。另外，也许谢教授会同你再度联系。” 
    “好吧，就这样安排。”",“老费你留在这儿，我会经常同你联系，一旦田歌同这儿联系，请你立即把她的地址转给我。另外，也许谢教授会同你再度联系。” ,"{'田延豹', '小田'}"
70,"麦婵搽过粉、洒了香水后才说：
“我今天来是想跟麦赛伊商量件事情。”
“有什么事就说吧，麦婵！”赛伊不经心地随口说道。麦婵看了一眼坐在房中的曹伊，又扭头望了一眼正埋头静静地卷叶子的帕洛伊，说：
“也不是什么急事，麦赛伊！等空了再谈也行。”说毕，便拿个枕头趴下用肘关节撑在枕头上用脚打着拍子什么也不说，好像等时间空了再说一样。
麦婵的一举一动，赛伊都看到眼里，知道她今天来谈的事是不能让孩子知道的。于是慢悠悠地发话道：
“今天上面有没有人侍奉也不知道。曹伊和帕洛伊上去侍奉，等天晚了再下来。如果贵妃间到姑妈，就回察说姑妈家中有事，天黑了就上去侍奉。”",“今天上面有没有人侍奉也不知道。曹伊和帕洛伊上去侍奉，等天晚了再下来。如果贵妃间到姑妈，就回察说姑妈家中有事，天黑了就上去侍奉。”,"{'赛伊', '麦赛伊'}"
71,"他返回卧室，挂通了家里的电话。 
    “妈妈，是我。” 
    妈妈在屏幕上焦急地看着他，急切地说：“鲍菲，这些天来为什么不同家里联系？你已经知道了吗？” 
    “我知道。我知道那个魔鬼正在控制我的四肢、内脏和大脑。” 
    “孩子，你爸爸的宣布是必不可免的，但他未免过于仓促。无论如何，他该事先同你深谈一次呀。希望你能理解他。实际上他对基因嵌接术一直心怀惕但，他不想把这个危险的魔鬼留在手中。他早就决定在本届奥运闭幕前向世人公布的，他不愿违犯自己的承诺。”",“我知道。我知道那个魔鬼正在控制我的四肢、内脏和大脑。” ,{'鲍菲'}
72,"“帕洛伊记住了，贵妃要我们去练习划船。”曹伊高兴得叫了起来。“什么意思？”帕洛伊莫名其妙地问。
“哎！”曹伊叫起来，“我和你要去划船呀，如果谁来问起，就以贵妃的命令来回人！她就没得说了！”
“划船还能有多难，练个一两天不就行了！”
“教，难得很！我们不是随随便便地划划就行了。我们要划好，让贵妃平平稳稳地坐在上面，如果划不好，翻了船，我们都要挨打受骂！练习一天两夫哪能行？至少每天要练三场。学会划了，还要积累经验。因此，我们每天都要练习。如果姑妈要说我，就说不得了。这是贵妃的旨意呀！”",“教，难得很！我们不是随随便便地划划就行了。我们要划好，让贵妃平平稳稳地坐在上面，如果划不好，翻了船，我们都要挨打受骂！练习一天两夫哪能行？至少每天要练三场。学会划了，还要积累经验。因此，我们每天都要练习。如果姑妈要说我，就说不得了。这是贵妃的旨意呀！,{'曹伊'}
73,"然而，因为心中充满了喜悦而发抖、等着和喜欢的人见面的日子的小枝，第十天过晌看到的，却是病愈的正太郎，和村里旅店家的女儿一起走在海边的身影。旅店家的女儿，比小枝大一两岁。是个海边的村子里少见的、白白的漂亮女孩。

　　“说是很久以前，两个人就定下了终身。”

　　小枝对裁缝奶奶说了一句。

　　“正太郎也好，正太郎的妈妈也好，早就把龟壳的事忘得一干二净了。马上就要举行盛大的婚礼了，光顾得高兴了。说是很久以前，旅店家的女儿和正太郎就定下终身了。而我，也答应了海龟……”

　　小枝恐惧地听到了大海的声音。",“说是很久以前，两个人就定下了终身。”,{'小枝'}
74,"有几只小船载着米粉辣鱼汤到湖中各只船边分发。这时曹伊嚷了起来：“我都快俄晕了，有米粉的船怎么不到这边来一只？等会儿有新的来了，谁帮着喊喊，叫他们划过来。我要吃个饱，还从没这样饿过。”
“这是你没划惯船的关系。”坐在船尾的匹特接上说，“今天你试了一下，就知道有多么俄了。奴已很习惯了，今天一大早就出来了，现在也俄了。等一会儿看吧，奴要吃两船的米粉，可能还不够呢！”
“是真饿了，曹伊！”赛伊很少跟侄女儿有过相同的意见，这次一致了：“现在姑妈也饿了。”",“是真饿了，曹伊！”,{'赛伊'}
75,"二妹回来的响动把我惊醒的时候，我见我面前的一枝十
二盎司一包的洋蜡烛已经点去了二寸的样子，我问她是什么
时候了？她说：

　　“十点的汽管刚刚放过。”

　　“你何以今天回来得这样迟？”

　　“厂里因为销路大了，要我们作夜工。工钱是增加的，
不过人太累了。”

　　“那你可以不去做的。”

　　“但是工人不够，不做是不行的。”",“你何以今天回来得这样迟？”,{'我'}
76,"有几只小船载着米粉辣鱼汤到湖中各只船边分发。这时曹伊嚷了起来：“我都快俄晕了，有米粉的船怎么不到这边来一只？等会儿有新的来了，谁帮着喊喊，叫他们划过来。我要吃个饱，还从没这样饿过。”
“这是你没划惯船的关系。”坐在船尾的匹特接上说，“今天你试了一下，就知道有多么俄了。奴已很习惯了，今天一大早就出来了，现在也俄了。等一会儿看吧，奴要吃两船的米粉，可能还不够呢！”
“是真饿了，曹伊！”赛伊很少跟侄女儿有过相同的意见，这次一致了：“现在姑妈也饿了。”",“现在姑妈也饿了。”,{'赛伊'}
77,"这时，狸猫由身后走来，他大概正准备搭火车去泡温泉浴，脚步很疾，与我擦身而过时瞧了瞧我，我就跟他打个招呼！他认真地问我：

“你今晚不是值夜吗？”

什麽是不是值夜，两小时前他才刚告诉我：

“今晚是你第一次值夜，辛苦你喽。”

还谢过我呢。唉！是不是当校长的人说话都拐弯抹角啊。我一生气，便回答说：

“是的，今晚是我值夜，我现在回去，但是今晚一定会住在学校。”说完，我就走了。",“是的，今晚是我值夜，我现在回去，但是今晚一定会住在学校。”,{'我'}
78,"划了一会儿，曹伊还是忍不住问道：
“姑妈，刚才那人是谁？'
“刚才哪个人？”
“就是那个划船送饭的人呀I'
“哦，那个人哟，就是布雷木。他是昭坤詹雅的儿子，昭坤周德的孙子。他是侍从官。为国王献身已多年了。瞧吧，这孩子有出息着呢！”
“姑妈什么时候跟他认识的？“
“噢，当他还是小孩子时，他常跑到宫里玩，就认识了。”赛伊肯定地点点头，“他妈社姆夫人，我也认得，他的两位姑妈，麦念和麦努过去都在正宫，是我的朋友。”",“姑妈什么时候跟他认识的？“,{'曹伊'}
79,"“喂，你今天不是值夜吗？”

“嗯，是值夜。”我回答。

“值夜怎麽随便出来呢？”

“怎麽不可以啊，不出来走才怪呢。”我理直气壮地瞪著他。

“你这样懒散不行的，如果遇到校长或教务主任就惨了。”豪猪一反平时说话的态度提醒著我。

“我刚才就遇到校长了，校长还安慰我，天气热的时候值夜，不出去走走也很苦。”我说完，心虚地急急回校去。",“值夜怎麽随便出来呢？”,{'豪猪'}
80,"划了一会儿，曹伊还是忍不住问道：
“姑妈，刚才那人是谁？'
“刚才哪个人？”
“就是那个划船送饭的人呀'
“哦，那个人哟，就是布雷木。他是昭坤詹雅的儿子，昭坤周德的孙子。他是侍从官。为国王献身已多年了。瞧吧，这孩子有出息着呢！”
“姑妈什么时候跟他认识的？“
“噢，当他还是小孩子时，他常跑到宫里玩，就认识了。”赛伊肯定地点点头，“他妈社姆夫人，我也认得，他的两位姑妈，麦念和麦努过去都在正宫，是我的朋友。”",“哦，那个人哟，就是布雷木。他是昭坤詹雅的儿子，昭坤周德的孙子。他是侍从官。为国王献身已多年了。瞧吧，这孩子有出息着呢！”,{'赛伊'}
81,"工友进来，问我那是什麽，我说：“还有什麽，是谁在床上养蝗虫的，真混蛋。”

他说：“我不知道啊。”

“说不知道就可以吗？”我气呼呼地将扫帚丢在阳台上。工友诚惶诚恐地扛著扫帚回去了。

我立刻叫来住校生三人作代表，结果来了六位，管他三位或六位。我就穿著睡衣，卷起袖子和他们算起账来。

“怎麽把蝗虫放到我床上来呢？”",“说不知道就可以吗？”,{'我'}
82,"划了一会儿，曹伊还是忍不住问道：
“姑妈，刚才那人是谁？'
“刚才哪个人？”
“就是那个划船送饭的人呀'
“哦，那个人哟，就是布雷木。他是昭坤詹雅的儿子，昭坤周德的孙子。他是侍从官。为国王献身已多年了。瞧吧，这孩子有出息着呢！”
“姑妈什么时候跟他认识的？“
“噢，当他还是小孩子时，他常跑到宫里玩，就认识了。”赛伊肯定地点点头，“他妈社姆夫人，我也认得，他的两位姑妈，麦念和麦努过去都在正宫，是我的朋友。”",“他妈社姆夫人，我也认得，他的两位姑妈，麦念和麦努过去都在正宫，是我的朋友。”,{'赛伊'}
83,"有一天，赤衣狂居然问我要不要去钓鱼，这个赤衣狂说话的声音温柔得令人起鸡皮疙瘩，听了真恶心，不禁让人怀疑他到底是男的还是女的。男子汉该有男子汉的语气，尤其是堂堂一个大学毕业生，怎麽连我这个物理学校毕业的小人物都不如，一位文学士那麽娘娘腔，实在是有失威严。我不大愿意地回答说：

“这个嘛——”

他无礼地接著问：“你钓过鱼吗？”

“长大没钓过，但是，小时候曾在小梅的钓鱼场钓了三条鲫鱼。也曾在神乐坂用针勾到一条八寸的鲤鱼，一时太兴奋，乐极生悲，不小心那条鱼又掉落水里，现在想起来都觉得可惜。”我这麽说着，赤衣狂突出下颚，“呵呵呵”地笑。",“长大没钓过，但是，小时候曾在小梅的钓鱼场钓了三条鲫鱼。也曾在神乐坂用针勾到一条八寸的鲤鱼，一时太兴奋，乐极生悲，不小心那条鱼又掉落水里，现在想起来都觉得可惜。”,{'我'}
84,"“美呐！赛伊！美吗？”昆努无所顾忌地问。
”她跟她妈一样漂亮啊！”
“我说，要比她妈漂亮，可对，赛伊？”
“我也是这样看。但蔡姆是个有趣的人，能说会道，帕洛伊是个娴静的女孩子，什么事都不多嘴，跟她妈截然不同。“
“娴静，不大多话，比能说会道的人强，不是吗，赛伊？”
“是的。话少的人事情也少。”",”她跟她妈一样漂亮啊！”,{'赛伊'}
85,"我心想，要接受小丑的照顾，倒不如去上吊。这时赤衣狂又说：

“是这样的，学生很欢迎你到学校来，但校里有许多内情你也许会不满，不遇，你要认清事态，暂时忍耐一阵，我绝不会作任何对你不利的处置。”

“你说有许多内情，究竟是指什麽？”

“很复杂，你慢慢会了解，不告诉你，你也终有一天会了解。”

“对，”小丑重复赤衣狂的话：“是很复杂，不是一朝一夕了解得完的，你会慢慢清楚，我不说，你也会知道。”",“你说有许多内情，究竟是指什麽？”,{'我'}
86,"“美呐！赛伊！美吗？”昆努无所顾忌地问。
”她跟她妈一样漂亮啊！”
“我说，要比她妈漂亮，可对，赛伊？”
“我也是这样看。但蔡姆是个有趣的人，能说会道，帕洛伊是个娴静的女孩子，什么事都不多嘴，跟她妈截然不同。““娴静，不大多话，比能说会道的人强，不是吗，赛伊？”“是的。话少的人事情也少。”",“娴静，不大多话，比能说会道的人强，不是吗，赛伊？”,{'昆努'}
87,"我心想，要接受小丑的照顾，倒不如去上吊。这时赤衣狂又说：

“是这样的，学生很欢迎你到学校来，但校里有许多内情你也许会不满，不遇，你要认清事态，暂时忍耐一阵，我绝不会作任何对你不利的处置。”

“你说有许多内情，究竟是指什麽？”

“很复杂，你慢慢会了解，不告诉你，你也终有一天会了解。”

“对，”小丑重复赤衣狂的话：“是很复杂，不是一朝一夕了解得完的，你会慢慢清楚，我不说，你也会知道。”",“很复杂，你慢慢会了解，不告诉你，你也终有一天会了解。”,{'赤衣狂'}
88,"昆努突然转向帕洛伊，迅速地问：
“召帕洛伊是哪年生的？”
帕洛伊把自己的生年告诉了她。
‘比布雷木小五岁。太大吗？我说不太大。对吗？”昆努心不在焉地问，又象自言自语，所以也没人回答。
帕洛伊坐在那儿低头瞧着地板，赛伊往帕洛伊这边瞥了一眼，然后又转向别处。",‘比布雷木小五岁。太大吗？我说不太大。对吗？”,{'昆努'}
89,"见贵妃这样认真，帕洛伊努力克制自己，擦了擦眼泪，说：“我不知道阿爸要把我嫁给谁，叫我怎样决定呢！”“他告诉我了。我还没说到，你就哭了，叫我怎么说得及？”贵妃似乎气平了一点。“男方相当好，年龄也相当，不太大也不小。他是宫廷武装侍卫，名叫布雷木，披耶周德家的人。他钱多得很。你还不满意吗？你认识他吧？”
“曾见到过他，但不认识，没讲过话。”帕洛伊说，尽管那时全身如冰一样。",“男方相当好，年龄也相当，不太大也不小。他是宫廷武装侍卫，名叫布雷木，披耶周德家的人。他钱多得很。你还不满意吗？你认识他吧？”,{'贵妃'}
90,"赛伊从御膳房静静地回到房内，看到帕洛伊和曹伊两个人坐在那儿一声不响，就怀疑地问：
“帕洛伊，贵妃说什么没有？”
“说过了，阿姨。这会儿我正跟曹伊商量。”
“哎哟，她成了大顾问了！”赛伊首先讽刺起曹伊来，“那么，她提供了什么指导意见呢？大人认为好的，她不是都要唱反调吗？”
“看姑妈哟，无缘无故地冤枉我！”曹伊大声叫道，“我还什么也没说哩！”",“说过了，阿姨。这会儿我正跟曹伊商量。”,{'帕洛伊'}
91,“帕姆，你好吗？刚刚回到家吗？我这就要回宫中去了。”“我回来好久了。碰到匹特一个人坐在这儿。我也就在这儿跟她聊了起来。想上楼去找你，又怕被人撵出来。”“看你说的！”翠伊争辩道，“你就喜欢说这种疯疯傻傻的话。你上楼谁撵你？你自己没心思去找，还找借口把责任推给别人！”“翠伊就是爱骂我！”帕姆快活地笑了。”,我回来好久了。碰到匹特一个人坐在这儿。我也就在这儿跟她聊了起来。想上楼去找你，又怕被人撵出来。”,{'帕姆'}
92,"“一天，布雷木大白天就回来了，一回到家还没来得及换衣服，就赶紧找到帕洛伊，说：
“帕洛伊，我们泰国宣战了！”布雷木说话的姿态表明消息十分重大，好像布雷木是宣布这一重大消息的人物似的。“是吗，布雷木？”帕洛伊疑惑不解地问，因为不懂“宣战”一词的重要性。“后来怎么样？”
布雷木听到帕洛伊的间话自己也有些茫然，但还是答道：“噢，就是参加这次欧战哪，帕洛伊！”
“站在哪一边？”",“站在哪一边？”,"{'帕洛伊疑', '帕洛伊'}"
93,"布雷木自豪地佩戴着皇家海军的证章。这枚证章是红白双色的细长片，中间是银光闪闪的高昂着鼻子的大象图案。这枚证章是已经捐了款的纪念章。除了他自己，布雷木还出钱替帕洛伊和孩子们买回了这种捐款证章，而且要帕洛伊和孩子们外出时都要佩戴上证章。
“为什么一定要戴呢？反正我们已捐过款了！”帕洛伊不解地问。
“戴上它，让人知道我们爱国，别的人也就会跟着学，捐款买军舰。这艘要买的战舰比我们所有的舰只都要大。有了它，我们泰国就能跟其他国家稍稍看齐。”",“戴上它，让人知道我们爱国，别的人也就会跟着学，捐款买军舰。这艘要买的战舰比我们所有的舰只都要大。有了它，我们泰国就能跟其他国家稍稍看齐。”,{'布雷木'}
94,"帕洛伊还没下决心怎么办好，便找翠伊商量。翠伊仔细审视了一下帕洛伊的面孔便说：
“说真的，我也同意。你应该留长发。因为你并不显老，留长发不会让人讨厌哩”
“你也不过大我两岁，为什么不留长发啊？”帕洛伊反问道。“我以后再说吧，你先留长发看看怎么样。如果还好，那我再留不迟。”",“我以后再说吧，你先留长发看看怎么样。如果还好，那我再留不迟。”,{'翠伊'}
95,"“我庆幸自己没跟那班人去觑见！”帕洛伊开心地说，“上次，我没答应你，你还把我挖苦了一番！”
“我那不是挖苦哇！”布雷木辩解，“我高兴的是帕洛伊没去，就是怕想认为帕洛伊也是那种逢迎拍马的人。如果怨真的认为我的妻子也如此，那我真要大丢人了！”
“布雷木，我告诉你一件事，你可别骂我疯子呀！”
“说吧，即使我认为你真疯了，也不做声。”
“打从我内心说，我也同样想去觑见。自从得知国王将举行结婚大典，我就忍不住想，高兴是高兴，最好亲自看看。之所以没有去，就只因为怕被人指责为逢迎拍马的人。”",“说吧，即使我认为你真疯了，也不做声。”,{'布雷木'}
96,"“我庆幸自己没跟那班人去觑见！”帕洛伊开心地说，“上次，我没答应你，你还把我挖苦了一番！”
“我那不是挖苦哇！”布雷木辩解，“我高兴的是帕洛伊没去，就是怕想认为帕洛伊也是那种逢迎拍马的人。如果怨真的认为我的妻子也如此，那我真要大丢人了！”
“布雷木，我告诉你一件事，你可别骂我疯子呀！”
“说吧，即使我认为你真疯了，也不做声。”
“打从我内心说，我也同样想去觑见。自从得知国王将举行结婚大典，我就忍不住想，高兴是高兴，最好亲自看看。之所以没有去，就只因为怕被人指责为逢迎拍马的人。”",“打从我内心说，我也同样想去觑见。自从得知国王将举行结婚大典，我就忍不住想，高兴是高兴，最好亲自看看。之所以没有去，就只因为怕被人指责为逢迎拍马的人。”,{'帕洛伊'}
97,"“帕洛伊坐在车中静静地一言不发，两手抱在脚前，感到深夜的凉意。
“怎么样，帕洛伊？”布雷木间。
“有点冷。”
“我说戏怎么样？”布雷木轻轻地说。
“挺有趣的。”帕洛伊有意回避，不想公开自己内心的感受。
“但我以前没看过，还看不大懂。人物也太多了，弄得我晕头转向，搞不明白！”",“但我以前没看过，还看不大懂。人物也太多了，弄得我晕头转向，搞不明白！”,{'布雷木'}
98,"“这一点你不用为她担心。”曹伊笑着说道，“那个讲给我听的人说，尽管她失宠了，另一个却正得宠。”
“哪一个正得宠？”
“就是帕沃恩甘雅的妹妹呀！”
“曹伊见过她没有？怎么样啊？”帕洛伊关心地询问道。“在王后宫中见过一两次面。你可能不记得了。”",“在王后宫中见过一两次面。你可能不记得了。”,{'曹伊'}
99,"一天，妩恩到楼上来说：
“帕洛伊，我想给你谈谈邦奎河边家中未了的事。““请说吧，姐姐。”
“我老了，一天天老了，眼下也没办法自力谋生，剩下的一点钱用一点少一点，糊到老算了。我没有生财的门路，无力支撑那个家。所以我想把邦奎河岸边那个家的所有权转让给你。””姐姐为什么要这样着急呢？”帕洛伊不同意，”我不急钱用，姐姐就更不用急了。先不讲这个吧。八千株虽说不是个小数，但也不是弄不到的，如果把那儿的房子卖了，也决不止八千这个数。姐姐让给我，别人会说我请姐姐到这儿来是为了得到房产。”",“我老了，一天天老了，眼下也没办法自力谋生，剩下的一点钱用一点少一点，糊到老算了。我没有生财的门路，无力支撑那个家。所以我想把邦奎河岸边那个家的所有权转让给你。”,{'妩恩'}
100,"一天恰巧有空，帕洛伊便邀帕姆一块儿回家去看看。船愈是近家，帕洛伊心跳愈急。离家实在很久了，这次回去是以这个家的主人身份回去的，怎么能不激动？
“谁能想到，”帕姆的声音飘了过来，“谁能想到这个家成了帕洛伊的家了！我们小时候跑来跑去，只知道玩，你可曾想到过现在你会成为主人？”
“我做梦也没想到，你也真会问！我们是庶出的子女，正出的子女一大堆，还能有我们的份？”",“我做梦也没想到，你也真会问！我们是庶出的子女，正出的子女一大堆，还能有我们的份？”,{'帕洛伊'}
101,"“昆帕洛伊！”后面不知是谁满含敬意地轻轻喊了一声。帕洛伊往后瞧去，看到一个妇女坐在地上。妇女一见帕洛伊回过脸来，便立即顶礼膜拜。帕洛伊凝视良久，想认出她是谁。女的还不太老，因为头发还是黑的，但却骨瘦如柴，形容枯搞，两眼深陷，以致看起来象个老人。
“昆帕洛伊记不得奴家了吧？”女子说毕，便低头吸泣。“谁？”帕洛伊困惑地问。“我真记不起了，你是谁？”“奴是帕翁啊！”女子呜咽着回道。
帕洛伊吃了一惊便疾步走近帕翁，说：
“你是帕翁？啊，我记起来了，你真瘦多了！害什么病了吗？”",“我真记不起了，你是谁？”,"{'昆帕洛伊', '帕洛伊'}"
102,"“昆帕洛伊！”后面不知是谁满含敬意地轻轻喊了一声。帕洛伊往后瞧去，看到一个妇女坐在地上。妇女一见帕洛伊回过脸来，便立即顶礼膜拜。帕洛伊凝视良久，想认出她是谁。女的还不太老，因为头发还是黑的，但却骨瘦如柴，形容枯搞，两眼深陷，以致看起来象个老人。
“昆帕洛伊记不得奴家了吧？”女子说毕，便低头吸泣。“谁？”帕洛伊困惑地问。“我真记不起了，你是谁？”“奴是帕翁啊！”女子呜咽着回道。
帕洛伊吃了一惊便疾步走近帕翁，说：
“你是帕翁？啊，我记起来了，你真瘦多了！害什么病了吗？”",“奴是帕翁啊！”,{'帕翁'}
103,"帕洛伊听帕姆这样说，觉得这确实是实情，帕姆跟布雷木是性格相差很远的人，但嘴上却说：
“最近不知布雷木怎么了，他心绪不佳，动不动就发火。你跟他是老朋友，跟他也谈得来，你劝劝他吧。我真是一筹莫展了！”“我也不知道怎样劝他好，”帕姆迟疑起来。“他可是个官比我大得多的人，虽然过去是朋友，但现在地位不同了。”帕洛伊知道这是实情，但还是要求：
“尽管这样，你过去跟他是朋友，现在跟他是亲戚，我觉得布雷木只是由于无事可做而感到寂寞。如果你常常来邀他谈谈、玩玩，分分他的心，可能要好些。”",“最近不知布雷木怎么了，他心绪不佳，动不动就发火。你跟他是老朋友，跟他也谈得来，你劝劝他吧。我真是一筹莫展了！”,{'帕洛伊'}
104,"一天，帕姆来访，寒暄后，帕姆说：
“帕洛伊还记得我们的一次谈话吗？”
“坤銮跟我谈了不知多少次话，你指的是哪一次呢？”“就是关于预言的那一次。”
“哦，这才多少日子，哪能忘了呢？”帕洛伊回道。“到底怎样了？”
“你知道我交往的人很多，”帕姆解释道，“我的朋友，几乎每个单位都有，因此，我常听到一些消息。最近听说，现在有人正在阴谋推翻王权。”",“就是关于预言的那一次。”,"{'帕姆', '坤銮'}"
105,"一天，帕姆来访，寒暄后，帕姆说：
“帕洛伊还记得我们的一次谈话吗？”
“坤銮跟我谈了不知多少次话，你指的是哪一次呢？”“就是关于预言的那一次。”
“哦，这才多少日子，哪能忘了呢？”帕洛伊回道。“到底怎样了？”
“你知道我交往的人很多，”帕姆解释道，“我的朋友，几乎每个单位都有，因此，我常听到一些消息。最近听说，现在有人正在阴谋推翻王权。”",“坤銮跟我谈了不知多少次话，你指的是哪一次呢？”,{'帕洛伊'}
106,"“从达岸告诉这事后，露茜后来也跟帕洛伊谈起此事。帕洛伊从她口中说的看来，觉得露茜好像要离开很久，同时这次的离别，好像达岸的强迫大于露茜的自愿。
“露茜很不愿意走。”露茜向帕洛伊诉说，“但达岸要露茜走，我只好走。”
“啊，可是达岸告诉我说，露茜想家呀！'
“露茜想家也是事实。”露茜回道。“但想家不一定回家。因为我已跟达岸结婚了，就应跟达岸在一起。但这许多天来，他天天催我走，我只好走。”",“啊，可是达岸告诉我说，露茜想家呀！',{'帕洛伊'}
107,"直到事变后的第二天吃晚饭时，达岸还不见影儿，帕洛伊再也憋不住了，便说：“傲德知道达岸哥哥在哪儿吗？”
“我要说吧，你又要训我了。”傲德埋怨道。尽管埋怨，但在他的眼神里并没有丝毫生气的意思。
“傲德别埋怨妈妈吧！”帕洛伊口气缓和地说。“那时妈妈吓坏了，所以说了你几句。现在你告诉妈，达岸在哪儿？”“达岸哥哥不是那种晚上去玩乐的人。他没有回来总是由于离不开或者放不下手上的工作。我想妈妈不用忧虑，过一会儿说不定就会回来了。”",“达岸哥哥不是那种晚上去玩乐的人。他没有回来总是由于离不开或者放不下手上的工作。我想妈妈不用忧虑，过一会儿说不定就会回来了。”,{'傲德'}
108,"“我想向妈妈提出个要求。”达岸转了话题。
“可以，你要求什么？”由于儿子及时地变换了话题，帕洛伊感到高兴，满心欢喜地问道。
“如果妈妈今后再谈到那天发生的事，请妈妈别称为‘叛乱'，了。听起来既刺耳又伤心，别的人听到可能会有反感。”“那你叫妈怎样称呼呢？”帕洛伊真不知道应该怎样称呼，有些着急了。
“称为政治上的改变。”达岸回说。",“如果妈妈今后再谈到那天发生的事，请妈妈别称为‘叛乱'，了。听起来既刺耳又伤心，别的人听到可能会有反感。”,{'达岸'}
109,"一天天过去，帕洛伊觉得那时国家政变的弦紧张得要断了！所谓代自由”、“革命”的词日渐成了口头禅。傲德说，学生在革老师的命，小沙弥在革长老的命。帕洛伊听了这话只是不停地摩胸口，好像怕喘不过气来似的。但对于这种情况，最开心、最感兴味的却是曹伊.
一天，曹伊来访，说：
“最近我真后悔出生得太早了。”
“为什么？”
“或者说眼前的事变发生得太迟了！”曹伊不理帕洛伊的碴儿接着说。",“为什么？”,{'帕洛伊'}
110,"“很复杂，你慢慢会了解，不告诉你，你也终有一天会了解。”

“对，”小丑重复赤衣狂的话：“是很复杂，不是一朝一夕了解得完的，你会慢慢清楚，我不说，你也会知道。”

“既然那麽麻烦，我不听也罢，是你谈起我才问的。”

“是我提起的没错，就这样停了，我好像不负责任，好吧！就告诉你一些，容我冒昧地说，你才踏出校门，第一次当老师，没经验，学校里因为有许多内幕，所以师生之间就无法像一般那样淡然处之。”

“不能淡然处之，那要怎麽做才行？”

“你就是那麽率直，我才说你经验不够。”

“经验不够，那是当然啦，在履历表上我写得很清楚，我现年二十三岁零四个月。”，“所以才会让人有机可乘。”。“不过，只要自己老实，谁想趁虚而入，我都不怕。”

“虽然不怕，但是，若有人真的想趁虚而入，那你就非小心不可了。老实说，你的上一任那位就被人干掉了。”

没听到小丑反应，我回头看，原来他走到船尾去和船夫谈钓鱼经了。小丑不在场，说话方便多了。于是，我问：“我的前一任是被何人趁虚而入呢？”

“如果我指名道姓，就会影响人家的名誉，再说，没凭没据我也不能乱说，既然你来本校，教出什麽差错的话，也枉费我们请你来，所以，请你自个儿小心。”

“你要我小心，我却不知道如何小心。”

“只要不做坏事就行。”赤衣狂说着，呵呵地笑起来。

我并不觉得自己的话有什麽好笑的，只是，到目前为止，我认为自己还不错",“是很复杂，不是一朝一夕了解得完的，你会慢慢清楚，我不说，你也会知道。”,"{'小丑', '我'}"
111,"“很复杂，你慢慢会了解，不告诉你，你也终有一天会了解。”

“对，”小丑重复赤衣狂的话：“是很复杂，不是一朝一夕了解得完的，你会慢慢清楚，我不说，你也会知道。”

“既然那麽麻烦，我不听也罢，是你谈起我才问的。”

“是我提起的没错，就这样停了，我好像不负责任，好吧！就告诉你一些，容我冒昧地说，你才踏出校门，第一次当老师，没经验，学校里因为有许多内幕，所以师生之间就无法像一般那样淡然处之。”

“不能淡然处之，那要怎麽做才行？”

“你就是那麽率直，我才说你经验不够。”

“经验不够，那是当然啦，在履历表上我写得很清楚，我现年二十三岁零四个月。”，“所以才会让人有机可乘。”。“不过，只要自己老实，谁想趁虚而入，我都不怕。”

“虽然不怕，但是，若有人真的想趁虚而入，那你就非小心不可了。老实说，你的上一任那位就被人干掉了。”

没听到小丑反应，我回头看，原来他走到船尾去和船夫谈钓鱼经了。小丑不在场，说话方便多了。于是，我问：“我的前一任是被何人趁虚而入呢？”

“如果我指名道姓，就会影响人家的名誉，再说，没凭没据我也不能乱说，既然你来本校，教出什麽差错的话，也枉费我们请你来，所以，请你自个儿小心。”

“你要我小心，我却不知道如何小心。”

“只要不做坏事就行。”赤衣狂说着，呵呵地笑起来。

我并不觉得自己的话有什麽好笑的，只是，到目前为止，我认为自己还不错",“你要我小心，我却不知道如何小心。”,{'我'}
112,"无“很复杂，你慢慢会了解，不告诉你，你也终有一天会了解。”

“对，”小丑重复赤衣狂的话：“是很复杂，不是一朝一夕了解得完的，你会慢慢清楚，我不说，你也会知道。”

“既然那麽麻烦，我不听也罢，是你谈起我才问的。”

“是我提起的没错，就这样停了，我好像不负责任，好吧！就告诉你一些，容我冒昧地说，你才踏出校门，第一次当老师，没经验，学校里因为有许多内幕，所以师生之间就无法像一般那样淡然处之。”

“不能淡然处之，那要怎麽做才行？”

“你就是那麽率直，我才说你经验不够。”

“经验不够，那是当然啦，在履历表上我写得很清楚，我现年二十三岁零四个月。”，“所以才会让人有机可乘。”。“不过，只要自己老实，谁想趁虚而入，我都不怕。”

“虽然不怕，但是，若有人真的想趁虚而入，那你就非小心不可了。老实说，你的上一任那位就被人干掉了。”

没听到小丑反应，我回头看，原来他走到船尾去和船夫谈钓鱼经了。小丑不在场，说话方便多了。于是，我问：“我的前一任是被何人趁虚而入呢？”

“如果我指名道姓，就会影响人家的名誉，再说，没凭没据我也不能乱说，既然你来本校，教出什麽差错的话，也枉费我们请你来，所以，请你自个儿小心。”

“你要我小心，我却不知道如何小心。”

“只要不做坏事就行。”赤衣狂说着，呵呵地笑起来。

我并不觉得自己的话有什麽好笑的，只是，到目前为止，我认为自己还不错",“经验不够，那是当然啦，在履历表上我写得很清楚，我现年二十三岁零四个月。”,{'我'}
113,"“很复杂，你慢慢会了解，不告诉你，你也终有一天会了解。”

“对，”小丑重复赤衣狂的话：“是很复杂，不是一朝一夕了解得完的，你会慢慢清楚，我不说，你也会知道。”

“既然那麽麻烦，我不听也罢，是你谈起我才问的。”

“是我提起的没错，就这样停了，我好像不负责任，好吧！就告诉你一些，容我冒昧地说，你才踏出校门，第一次当老师，没经验，学校里因为有许多内幕，所以师生之间就无法像一般那样淡然处之。”

“不能淡然处之，那要怎麽做才行？”

“你就是那麽率直，我才说你经验不够。”

“经验不够，那是当然啦，在履历表上我写得很清楚，我现年二十三岁零四个月。”，“所以才会让人有机可乘。”。“不过，只要自己老实，谁想趁虚而入，我都不怕。”

“虽然不怕，但是，若有人真的想趁虚而入，那你就非小心不可了。老实说，你的上一任那位就被人干掉了。”

没听到小丑反应，我回头看，原来他走到船尾去和船夫谈钓鱼经了。小丑不在场，说话方便多了。于是，我问：“我的前一任是被何人趁虚而入呢？”

“如果我指名道姓，就会影响人家的名誉，再说，没凭没据我也不能乱说，既然你来本校，教出什麽差错的话，也枉费我们请你来，所以，请你自个儿小心。”

“你要我小心，我却不知道如何小心。”

“只要不做坏事就行。”赤衣狂说着，呵呵地笑起来。

我并不觉得自己的话有什麽好笑的，只是，到目前为止，我认为自己还不错",“不过，只要自己老实，谁想趁虚而入，我都不怕。”,{'我'}
114,"第一节，我晚一点下课，回到休息室，其他的老师各自在自己的座位上谈话，豪猪不知何时到的，我以为他请假，原来是迟到。他一见我就说是为了我才迟到的，要罚我的款，我拿起桌上的”分五厘钱交给他说：

“这个还你，请收下，是以前你请我在通町喝冰水的钱。”

他说：“你在说什麽？”光是笑着，后来看我一本正经，便说：“别开这种无聊玩笑了。”将钱扫回我桌上，这个豪猪是坚持请我喝那杯冰水了，但是我告诉他：

“这不是玩笑，是真的。我没有让你请喝冰水的理由，所以，还是请你收下。”

“你那麽介意这一分五厘。钱我收下可以，但是，我觉得奇怪，你怎麽现在突然想要还给我呢？”

“不论什麽时候我都要还你，因为我不愿欠你的情才还你。”

豪猪冷冷地望著我，“哼”了一声。",“别开这种无聊玩笑了。”,{'豪猪'}
115,"第一节，我晚一点下课，回到休息室，其他的老师各自在自己的座位上谈话，豪猪不知何时到的，我以为他请假，原来是迟到。他一见我就说是为了我才迟到的，要罚我的款，我拿起桌上的”分五厘钱交给他说：

“这个还你，请收下，是以前你请我在通町喝冰水的钱。”

他说：“你在说什麽？”光是笑着，后来看我一本正经，便说：“别开这种无聊玩笑了。”将钱扫回我桌上，这个豪猪是坚持请我喝那杯冰水了，但是我告诉他：

“这不是玩笑，是真的。我没有让你请喝冰水的理由，所以，还是请你收下。”

“你那麽介意这一分五厘。钱我收下可以，但是，我觉得奇怪，你怎麽现在突然想要还给我呢？”

“不论什麽时候我都要还你，因为我不愿欠你的情才还你。”

豪猪冷冷地望著我，“哼”了一声。",“你那麽介意这一分五厘。钱我收下可以，但是，我觉得奇怪，你怎麽现在突然想要还给我呢？”,{'豪猪'}
116,"第一节，我晚一点下课，回到休息室，其他的老师各自在自己的座位上谈话，豪猪不知何时到的，我以为他请假，原来是迟到。他一见我就说是为了我才迟到的，要罚我的款，我拿起桌上的”分五厘钱交给他说：

“这个还你，请收下，是以前你请我在通町喝冰水的钱。”

他说：“你在说什麽？”光是笑着，后来看我一本正经，便说：“别开这种无聊玩笑了。”将钱扫回我桌上，这个豪猪是坚持请我喝那杯冰水了，但是我告诉他：

“这不是玩笑，是真的。我没有让你请喝冰水的理由，所以，还是请你收下。”

“你那麽介意这一分五厘。钱我收下可以，但是，我觉得奇怪，你怎麽现在突然想要还给我呢？”

“不论什麽时候我都要还你，因为我不愿欠你的情才还你。”

豪猪冷冷地望著我，“哼”了一声。",“这不是玩笑，是真的。我没有让你请喝冰水的理由，所以，还是请你收下。”,{'我'}
117,"豪猪冷冷地望著我，“哼”了一声。要不是已经答应赤衣狂，不把话说出去，我早就揭发他的卑鄙行径，现在碍于承诺不能声张，却气得面红身赤。他怎麽可以那麽“哼”呢。

“该收的钱我会收，不过，请你搬离现在住的地方。”

“你只要收下这一分五厘钱就行，要不要搬离住处，那是我的事。”

“由不得你，昨天你的房东到我那儿去，说希望你搬走，我问他为什麽，听他说的也有道理，我为了想确定一下今天早上才到他那儿去，详细听他的理由。”

我根本搞不清楚豪猪在说些什麽！干脆说：

“房东告诉你什麽，我怎麽晓得，你自己要那麽做我也没办法。如果有什麽了不起的理由应该先告诉我，这才合乎做事的顺序啊。怎麽不分清红皂白，就说房东的话有理，这样，对我未免太侮蔑了吧！”",“由不得你，昨天你的房东到我那儿去，说希望你搬走，我问他为什麽，听他说的也有道理，我为了想确定一下今天早上才到他那儿去，详细听他的理由。”,{'豪猪'}
118,"豪猪冷冷地望著我，“哼”了一声。要不是已经答应赤衣狂，不把话说出去，我早就揭发他的卑鄙行径，现在碍于承诺不能声张，却气得面红身赤。他怎麽可以那麽“哼”呢。

“该收的钱我会收，不过，请你搬离现在住的地方。”

“你只要收下这一分五厘钱就行，要不要搬离住处，那是我的事。”

“由不得你，昨天你的房东到我那儿去，说希望你搬走，我问他为什麽，听他说的也有道理，我为了想确定一下今天早上才到他那儿去，详细听他的理由。”

我根本搞不清楚豪猪在说些什麽！干脆说：

“房东告诉你什麽，我怎麽晓得，你自己要那麽做我也没办法。如果有什麽了不起的理由应该先告诉我，这才合乎做事的顺序啊。怎麽不分清红皂白，就说房东的话有理，这样，对我未免太侮蔑了吧！”",“你只要收下这一分五厘钱就行，要不要搬离住处，那是我的事。”,{'我'}
119,"豪猪冷冷地望著我，“哼”了一声。要不是已经答应赤衣狂，不把话说出去，我早就揭发他的卑鄙行径，现在碍于承诺不能声张，却气得面红身赤。他怎麽可以那麽“哼”呢。

“该收的钱我会收，不过，请你搬离现在住的地方。”

“你只要收下这一分五厘钱就行，要不要搬离住处，那是我的事。”

“由不得你，昨天你的房东到我那儿去，说希望你搬走，我问他为什麽，听他说的也有道理，我为了想确定一下今天早上才到他那儿去，详细听他的理由。”

我根本搞不清楚豪猪在说些什麽！干脆说：

“房东告诉你什麽，我怎麽晓得，你自己要那麽做我也没办法。如果有什麽了不起的理由应该先告诉我，这才合乎做事的顺序啊。怎麽不分清红皂白，就说房东的话有理，这样，对我未免太侮蔑了吧！”",“房东告诉你什麽，我怎麽晓得，你自己要那麽做我也没办法。如果有什麽了不起的理由应该先告诉我，这才合乎做事的顺序啊。怎麽不分清红皂白，就说房东的话有理，这样，对我未免太侮蔑了吧！”,{'我'}
120,"见了赤衣狂，我问他有什麽事，他习惯地以琥珀烟斗吹著有焦味的烟，说：

“自从你到本校来後，学生成绩进步很多，校长非常高兴，认为用得其人——校方也很信赖你，希望你了解这点而好好努力——”

“哦！是吗？你说努力，可是，我无法比现在更努力了！”

“像现在这样就够了。只是你千万别忘了，我那天告诉你那件事。”

“你是指——会为我介绍住处的人是危险人物——这回事吗？”

“说得那麽露骨就没意思了——好吧！——我想，我要说的你已经很清楚了。如果你像现在这样努力干下去的话，校方不会忽视这点，不久的将来，有机会的话，在待遇上会考虑调整。”",“哦！是吗？你说努力，可是，我无法比现在更努力了！”,{'我'}
121,"见了赤衣狂，我问他有什麽事，他习惯地以琥珀烟斗吹著有焦味的烟，说：

“自从你到本校来後，学生成绩进步很多，校长非常高兴，认为用得其人——校方也很信赖你，希望你了解这点而好好努力——”

“哦！是吗？你说努力，可是，我无法比现在更努力了！”

“像现在这样就够了。只是你千万别忘了，我那天告诉你那件事。”

“你是指——会为我介绍住处的人是危险人物——这回事吗？”

“说得那麽露骨就没意思了——好吧！——我想，我要说的你已经很清楚了。如果你像现在这样努力干下去的话，校方不会忽视这点，不久的将来，有机会的话，在待遇上会考虑调整。”",“说得那麽露骨就没意思了——好吧！——我想，我要说的你已经很清楚了。如果你像现在这样努力干下去的话，校方不会忽视这点，不久的将来，有机会的话，在待遇上会考虑调整。”,{'赤衣狂'}
122,"见了赤衣狂，我问他有什麽事，他习惯地以琥珀烟斗吹著有焦味的烟，说：

“自从你到本校来後，学生成绩进步很多，校长非常高兴，认为用得其人——校方也很信赖你，希望你了解这点而好好努力——”

“哦！是吗？你说努力，可是，我无法比现在更努力了！”

“像现在这样就够了。只是你千万别忘了，我那天告诉你那件事。”

“你是指——会为我介绍住处的人是危险人物——这回事吗？”

“说得那麽露骨就没意思了——好吧！——我想，我要说的你已经很清楚了。如果你像现在这样努力干下去的话，校方不会忽视这点，不久的将来，有机会的话，在待遇上会考虑调整。”

“幸亏目前有一位要转到别的地方去——当然这事要与校长商量後才能作决定

或许可由那人的薪水上提拨过来补给你，我想替你去向校长争取。”

“真谢谢你。谁要调走呢？”

“现在快发表了，告诉你也没关系，就是古贺。”

“古贺不是本地人吗？”

“他虽然是本地人，但由于个人的关系——这，一半是他自愿的。”

“是日向的延冈——因为是那种地方，所以薪水加一级。”

“谁取代他呢？”

“取代他的人差不多决定了，就是看取代他的人薪水状况，来考虑调整你的待遇。”

“那很好，不过，不要勉强加薪，如果没有也没关系。”

“这件事，我曾与校长谈过，校长的看法与我相同，所以，以後可能会偏劳你，请你现在就要有心理准备。”

“幸亏目前有一位要转到别的地方去——当然这事要与校长商量後才能作决定

或许可由那人的薪水上提拨过来补给你，我想替你去向校长争取。”

“真谢谢你。谁要调走呢？”

“现在快发表了，告诉你也没关系，就是古贺。”

“古贺不是本地人吗？”

“他虽然是本地人，但由于个人的关系——这，一半是他自愿的。”

“是日向的延冈——因为是那种地方，所以薪水加一级。”

“谁取代他呢？”

“取代他的人差不多决定了，就是看取代他的人薪水状况，来考虑调整你的待遇。”

“那很好，不过，不要勉强加薪，如果没有也没关系。”

“这件事，我曾与校长谈过，校长的看法与我相同，所以，以後可能会偏劳你，请你现在就要有心理准备。”",“取代他的人差不多决定了，就是看取代他的人薪水状况，来考虑调整你的待遇。”,{'赤衣狂'}
123,"见了赤衣狂，我问他有什麽事，他习惯地以琥珀烟斗吹著有焦味的烟，说：

“自从你到本校来後，学生成绩进步很多，校长非常高兴，认为用得其人——校方也很信赖你，希望你了解这点而好好努力——”

“哦！是吗？你说努力，可是，我无法比现在更努力了！”

“像现在这样就够了。只是你千万别忘了，我那天告诉你那件事。”

“你是指——会为我介绍住处的人是危险人物——这回事吗？”

“说得那麽露骨就没意思了——好吧！——我想，我要说的你已经很清楚了。如果你像现在这样努力干下去的话，校方不会忽视这点，不久的将来，有机会的话，在待遇上会考虑调整。”

“幸亏目前有一位要转到别的地方去——当然这事要与校长商量後才能作决定

或许可由那人的薪水上提拨过来补给你，我想替你去向校长争取。”

“真谢谢你。谁要调走呢？”

“现在快发表了，告诉你也没关系，就是古贺。”

“古贺不是本地人吗？”

“他虽然是本地人，但由于个人的关系——这，一半是他自愿的。”

“是日向的延冈——因为是那种地方，所以薪水加一级。”

“谁取代他呢？”

“取代他的人差不多决定了，就是看取代他的人薪水状况，来考虑调整你的待遇。”

“那很好，不过，不要勉强加薪，如果没有也没关系。”

“这件事，我曾与校长谈过，校长的看法与我相同，所以，以後可能会偏劳你，请你现在就要有心理准备。”

“幸亏目前有一位要转到别的地方去——当然这事要与校长商量後才能作决定

或许可由那人的薪水上提拨过来补给你，我想替你去向校长争取。”

“真谢谢你。谁要调走呢？”

“现在快发表了，告诉你也没关系，就是古贺。”

“古贺不是本地人吗？”

“他虽然是本地人，但由于个人的关系——这，一半是他自愿的。”

“是日向的延冈——因为是那种地方，所以薪水加一级。”

“谁取代他呢？”

“取代他的人差不多决定了，就是看取代他的人薪水状况，来考虑调整你的待遇。”

“那很好，不过，不要勉强加薪，如果没有也没关系。”

“这件事，我曾与校长谈过，校长的看法与我相同，所以，以後可能会偏劳你，请你现在就要有心理准备。”",“那很好，不过，不要勉强加薪，如果没有也没关系。”,{'我'}
124,"这时，老太太和往常一样，端著晚餐来了。我问他是不是又是地瓜，她说不是，今天是豆腐。不管是什么，反正差不多啦！

“老太太，听说古贺要到日向去。”

“真可怜哪！”

“你说可怜是什麽意思，是他自己爱去的。”

“谁爱去啊！”

“就是他本人想去的啊，不是古贺自己好想要去的吗？”

“那你就大错特错了。”

“如果是大错特错的话，那赤衣狂不就是大盖仙了，是说谎大盖仙了。”

“教务主任会那麽说也难怪，但是古贺不想去也是没错。”

“那麽两个人都没错，老太太，您真公平，太好了。但是，究竟怎麽回事呢？”",“真可怜哪！”,{'老太太'}
125,"这时，老太太和往常一样，端著晚餐来了。我问他是不是又是地瓜，她说不是，今天是豆腐。不管是什么，反正差不多啦！

“老太太，听说古贺要到日向去。”

“真可怜哪！”

“你说可怜是什麽意思，是他自己爱去的。”

“谁爱去啊！”

“就是他本人想去的啊，不是古贺自己好想要去的吗？”

“那你就大错特错了。”

“如果是大错特错的话，那赤衣狂不就是大盖仙了，是说谎大盖仙了。”

“教务主任会那麽说也难怪，但是古贺不想去也是没错。”

“那麽两个人都没错，老太太，您真公平，太好了。但是，究竟怎麽回事呢？”",“老太太，听说古贺要到日向去。”,{'我'}
126,"“老师，你的月薪是不是会增加呢？”

“他是说要为我加薪，但是我想拒绝。”

“不管怎麽样，我一定要拒绝，老太太，这个赤衣狂是个混蛋，他好卑鄙喔！”

“虽然卑鄙，但是，他既然要为你加薪，你还是乖乖地接受比较好。年青时候火气太大，等到年纪较长时便会後悔，当初如果忍耐一点就好，意气用事常会吃亏，经常会後悔莫及的。你就听我老太婆的劝，如果赤衣狂真要给你加薪，你就说谢谢领受下来。”

“你年纪一大把，就别管我的闲事了，薪水多少，是我的事。”

老太太不再说什麽就退下去了，房东先生还是唱著他的能乐。",“虽然卑鄙，但是，他既然要为你加薪，你还是乖乖地接受比较好。年青时候火气太大，等到年纪较长时便会後悔，当初如果忍耐一点就好，意气用事常会吃亏，经常会後悔莫及的。你就听我老太婆的劝，如果赤衣狂真要给你加薪，你就说谢谢领受下来。,{'老太太'}
127,"我觉得没趣，便退到洗手间，在玄关下欣赏古典式的庭园时，豪猪走过来，他问我：

“怎麽样，刚才的演讲精采吧！”满脸得意洋洋地说。

我告诉他：

“我很赞成，但是，有一点我不喜欢。”

他问：“哪一点不喜欢。”

我说：“你说延冈没有那些以温和的外貌来陷害君子的摩登家伙……不是吗？”

“嗯。”

“只提『摩登的家伙』是不够的。”",“哪一点不喜欢。”,{'豪猪'}
128,"三天之後的一个下午，豪猪怒气冲冲地跑来，说时机已到，打算毅然进行原来的计划。我说：

“是吗？那我也要干。”

想立刻加盟，但豪猪偏着头说：

“你最好别参加。”

我问他为什麽，他说：

“校长有没有找你去，要你提出辞呈呢？”

我说：“没有，你呢？”我反问他。

他说，今天下午他在校长室，校长对他说：

“很抱歉，实在不得已，希望你心里要有所准备。”

“岂有此理，那有这种裁判，那只狸猫大概是在肥大的肚里敲鼓，敲翻了胃才会这样颠倒是非。你和我不是一块参与大会，一起看高知闪闪发亮的舞蹈，并一起去阻止打架的吗？要提辞呈，也应公平要求我们俩人一起辞才对，乡下的学校怎麽那麽不懂道理，真令人想不透！”",“很抱歉，实在不得已，希望你心里要有所准备。”,{'校长'}
129,"三天之後的一个下午，豪猪怒气冲冲地跑来，说时机已到，打算毅然进行原来的计划。我说：

“是吗？那我也要干。”

想立刻加盟，但豪猪偏着头说：

“你最好别参加。”

我问他为什麽，他说：

“校长有没有找你去，要你提出辞呈呢？”

我说：“没有，你呢？”我反问他。

他说，今天下午他在校长室，校长对他说：

“很抱歉，实在不得已，希望你心里要有所准备。”

“岂有此理，那有这种裁判，那只狸猫大概是在肥大的肚里敲鼓，敲翻了胃才会这样颠倒是非。你和我不是一块参与大会，一起看高知闪闪发亮的舞蹈，并一起去阻止打架的吗？要提辞呈，也应公平要求我们俩人一起辞才对，乡下的学校怎麽那麽不懂道理，真令人想不透！”",“岂有此理，那有这种裁判，那只狸猫大概是在肥大的肚里敲鼓，敲翻了胃才会这样颠倒是非。你和我不是一块参与大会，一起看高知闪闪发亮的舞蹈，并一起去阻止打架的吗？要提辞呈，也应公平要求我们俩人一起辞才对，乡下的学校怎麽那麽不懂道理，真令人想不透！”,{'我'}
130,"第二天，我到校後立即到校长室去谈判。我问校长：“为什麽没要我提出辞呈呢？”，狸猫吃了一惊：“吔？！”。我接着说：

“哪有叫堀田提出辞呈而我不必提出辞呈的道理呢？”

“那是校方的意思……。”

“但是，这种想法不对，如果我不必提出辞呈，堀田也应该不用提出吧！”",“那是校方的意思……。”,"{'校长', '狸猫'}"
131,"打开豪猪房间的纸门时，豪猪急急地说：“喂，有希望了，有希望了！”他那张如韦驮天一般的睑，立刻兴奋而充满活力起来。昨晚以前，他一副落落寡欢的样子，看得一旁的我都跟着有些阴郁。眼见他此刻兴高采烈的神情，我也愉快许多，来不及问原因便急着附和：

“真棒，真棒。”

“今晚约七点半左右，那个叫小铃的艺妓走进十字路口转角处那一家了。”

“是不是跟赤衣狂一起呢。”

“不。”

“那没用。”

“艺妓是两位，但是——可能有希望。”

“为什麽？”

“还说什麽为什麽，他那麽狡猾，也许先让艺妓去，自已随後偷偷地来。”

“也许是，现在九点了吧！”

“现在才九点十二分。”豪猪由日式腰带里取出镍制的表来看了一眼，接着说：“把灯关了，如果纸门上被映出两个光头的话会让人起疑，狐狸是很会怀疑的。”

我吹熄在一闲张桌上的台灯，纸门上微微透入星光，月亮尚未露脸。我与豪猪拼命将脸压在纸门上屏息静待。这时壁上挂钟叮当响起，已经九点三十分了。

“喂，会来吧！今晚再不来的话，我不愿再这样下去了。”

“只要有钱，我要一直守下去，直到没钱为止。”",“喂，会来吧！今晚再不来的话，我不愿再这样下去了。”,{'我'}
132,"打开豪猪房间的纸门时，豪猪急急地说：“喂，有希望了，有希望了！”他那张如韦驮天一般的睑，立刻兴奋而充满活力起来。昨晚以前，他一副落落寡欢的样子，看得一旁的我都跟着有些阴郁。眼见他此刻兴高采烈的神情，我也愉快许多，来不及问原因便急着附和：

“真棒，真棒。”

“今晚约七点半左右，那个叫小铃的艺妓走进十字路口转角处那一家了。”

“是不是跟赤衣狂一起呢。”

“不。”

“那没用。”

“艺妓是两位，但是——可能有希望。”

“为什麽？”

“还说什麽为什麽，他那麽狡猾，也许先让艺妓去，自已随後偷偷地来。”

“也许是，现在九点了吧！”

“现在才九点十二分。”豪猪由日式腰带里取出镍制的表来看了一眼，接着说：“把灯关了，如果纸门上被映出两个光头的话会让人起疑，狐狸是很会怀疑的。”

我吹熄在一闲张桌上的台灯，纸门上微微透入星光，月亮尚未露脸。我与豪猪拼命将脸压在纸门上屏息静待。这时壁上挂钟叮当响起，已经九点三十分了。

“喂，会来吧！今晚再不来的话，我不愿再这样下去了。”

“只要有钱，我要一直守下去，直到没钱为止。”",“还说什麽为什麽，他那麽狡猾，也许先让艺妓去，自已随後偷偷地来。”,{'豪猪'}
133,"小丑吓得不知所措，正准备开溜，我一个箭步抢先向前，拦住他的去路。

“一个教务主任，怎么到十字路口的转角处过夜呢？”豪猪得理不饶人地质问。

“谁规定教务主任不得在十字路口转我处的房子过夜的？”赤衣狂神情镇定而有礼地回道，脸色略见苍白。

“说什么为了便于管理，所以教员不得任意在同店、汤圆店出入，会有这等主张的『严谨人士』竟和艺妓在外过夜。”小丑一直想找机会逃掉，因此，我特别提高警觉，在前面紧紧地拦住他，口里怒斥着：

“你为什么骂我是『说江户话的少爷』。”",“谁规定教务主任不得在十字路口转我处的房子过夜的？”,"{'教务主任', '赤衣狂'}"
134,"鲍小姐顶灵便地推脱方鸿渐的手臂，嘴里深深呼吸口气，道：“我给你闷死了！我在伤风，鼻子里透不过气来－－太便宜你，你还没求我爱你！”“我现在向你补求，行不行？”好像一切没恋爱过的男人，方鸿渐把“爱”字看得太尊贵和严重，不肯随便应用在女人身上；他只觉得自己要鲍小姐，并不爱她，所以这样语言支吾。
    “反正没好活说，逃不了那几句老套儿。”“你嘴凑上来，我对你说，这话就一直钻到你心里，省得走远路，拐了弯从耳朵里进去。”“我才不上你的当！有话斯斯文文的说。今天够了，要是你不跟我胡闹，我明天……”方鸿渐不理会，又把手勾她腰。",“我现在向你补求，行不行？”,{'方鸿渐'}
135,"方鸿渐道：“唐小姐，你表姐真不识抬举，好好请她女子参政，她倒笑我故作奇论！你评评理看。老话说，要齐家而后能治国平天下。请问有多少男人会管理家务的？管家要仰仗女人，而自己吹牛说大丈夫要治国平天下，区区家务不屑理会，只好比造房子要先向半空里盖个屋顶。把国家社会全部交给女人有许多好处，至少可以减少战争。外交也许更复杂，秘密条款更多，可是女人因为身体关系，并不擅长打仗。女人对于机械的头脑比不上男人，战争起来或者使用简单的武器，甚至不过揪头发、抓头皮、拧肉这些本位武化，损害不大。无论如何，如今新式女人早不肯多生孩子了，到那时候她们忙着干国事，更没工夫生产，人口稀少，战事也许根本不会产生。”

    唐小姐感觉方鸿渐说这些话，都为着引起自己对他的注意，心中暗笑，说：“我不知道方先生是侮辱政治还是侮辱女人，至少都不是好话。”

    苏小姐道：“好哇！拐了弯拍了人家半天的马屁，人家非但不领情，根本就没有懂！我劝你少开口罢。”

    唐小姐道：“我并没有不领情。我感激得很方先生肯为我表演口才。假使我是学算学的，我想方先生一定另有议论，说女人是天生的计算动物。”",“唐小姐，你表姐真不识抬举，好好请她女子参政，她倒笑我故作奇论！你评评理看。老话说，要齐家而后能治国平天下。请问有多少男人会管理家务的？管家要仰仗女人，而自己吹牛说大丈夫要治国平天下，区区家务不屑理会，只好比造房子要先向半空里盖个屋顶。把国家社会全部交给女人有许多好处，至少可以减少战争。外交也许更复杂，秘密条款更多，可是女人因为身体关系，并不擅长打仗。女人对于机械的头脑比不上男人，战争起来或者使用简单的武器，甚至不过揪头发、抓头皮、拧肉这些本位武化，损害不大。无论如何，如今新式女人早不肯多生孩子了，到那时候她们忙着干国事，更没工夫生产，人口稀少，战事也许根本不会产生。”,"{'方先生', '方鸿渐'}"
136,"赵辛楣躺在沙发里，含着烟斗，仰面问天花板上挂的电灯道：“方先生在什么地方做事呀？”

    方鸿渐有点生气，想不理他不可能，“点金银行”又叫不响，便含糊地说：“暂时在一家小银行里做事。”

    赵辛楣鉴赏着口里吐出来的烟圈道：“大材小用，可惜可惜！方先生在外国学的是什么呀？”

    鸿渐没好气道：“没学什么。”

    苏小姐道：“鸿渐，你学过哲学，是不是？”",“暂时在一家小银行里做事。”,"{'方先生', '鸿渐', '方鸿渐'}"
137,"曹元朗道：“我这首诗的风格，不认识外国字的人愈能欣赏。题目是杂拌儿、十八扯的意思，你只要看忽而用这个人的诗句，忽而用那个人的诗句，中文里夹了西文，自然有一种杂凑乌合的印象。唐小姐，你领略到这个拉杂错综的印象，是不是？”唐小姐只好点头。曹元朗脸上一圈圈的笑痕，像投了石子的水面，说：“那就是捉摸到这诗的精华了，不必去求诗的意义。诗有意义是诗的不幸！”

    苏小姐道：“对不住，你们坐一会，我去拿件东西来给产看。”苏小姐转了背，鸿渐道：“曹先生，苏小姐那本《十八家白话诗人》再版的时候，准会添进了你算十九家了。”",“那就是捉摸到这诗的精华了，不必去求诗的意义。诗有意义是诗的不幸！”,"{'曹元朗', '曹先生'}"
138,"明天方鸿渐到唐家，唐小姐教女用人请他在父亲书房里坐。见面以后就说：“方先生，你昨天闯了大祸，知道么？”

    方鸿渐想一想，笑道：“是不是为了我批评那首诗，你表姐跟我生气？”

    “你知道那首诗是谁做的？”她瞧方鸿渐瞪着眼，还不明白——“那首诗就是表姐做的，不是王乐恺的。”

    鸿渐跳起来道：“呀？你别哄我，扇子上不是明写着‘为文纨小姐录旧作’么？”

    “录的说是文纨小姐的旧作。王尔恺跟表伯有往来，还是赵辛楣的上司，家里有太太。可是去年表姐回国，他就讨好个不休不歇，气得赵辛楣人都瘦了。论理，肚子里有大气，应该人膨胀得胖些，你说对不对？后来行政机关搬进内地，他做官心，才撇下表姐也到里头去了。赵辛楣不肯到内地，也是这个缘故。这扇子就是他送给表姐的，他特请了一个什么人雕刻扇骨子上的花纹，那首诗还是表姐得意之作呢。”

    “这文理不通的无聊政客，扇子上落的款不明不白，害我出了岔子，该死该死！怎么办呢？”

    “怎么办呢？好在方先生口才好，只要几句话就解释开了。”",“这文理不通的无聊政客，扇子上落的款不明不白，害我出了岔子，该死该死！怎么办呢？”,"{'方先生', '鸿渐', '方鸿渐'}"
139,"唐小姐笑道：“人家听了你的话，只说你嫉妒他们进的大学比你进的有名。”

    鸿渐想不出话来回答，对她傻笑。她倒愿意他有时对答不来，问他道：“我昨天有点奇怪，你怎会不知道那首诗是表姐做的。你应该看过她的诗。”

    “我和你表姐是这一次回国船上熟起来的，时间很短。以前话都没有谈过。你记得那一天她讲我在学校里的外号是‘寒暑表’么？我对新诗不感兴趣，为你表姐的缘故而对新诗发生兴趣，我觉得犯不着。”

    “哼，这话要给她知道了——”","   “我和你表姐是这一次回国船上熟起来的，时间很短。以前话都没有谈过。你记得那一天她讲我在学校里的外号是‘寒暑表’么？我对新诗不感兴趣，为你表姐的缘故而对新诗发生兴趣，我觉得犯不着。”

",{'鸿渐'}
140,"“唐小姐，你听我说。你表姐是个又有头脑又有才学的女人，可是——我怎么说呢？有头脑有才学的女人是天生了教笨的男人向她颠倒的，因为他自己没有才学，他把才学看得神秘，了不得，五体投地的爱慕，好比没有钱的穷小姐对富翁的崇拜——”

    “换句话说，像方先生这样聪明，是喜欢目不识丁的笨女人。”

    “女人有女人的特别的聪明，轻盈活泼得跟她的举动一样。比了这种聪明，才学不过是沉淀渣滓。说女人有才学，就仿佛赞美一朵花，说它在天平上称起来有白菜番薯的斤两。真聪明的女人决不用功要做成才女，她只巧妙的偷懒——”

    唐小姐笑道：“假如她要得博士学位呢？”",“唐小姐，你听我说。你表姐是个又有头脑又有才学的女人，可是——我怎么说呢？有头脑有才学的女人是天生了教笨的男人向她颠倒的，因为他自己没有才学，他把才学看得神秘，了不得，五体投地的爱慕，好比没有钱的穷小姐对富翁的崇拜——”,{'方先生'}
141,"方鸿渐自觉本日运气转好，苦尽甘来，低低问唐小姐道：“你方才什么都不吃，好像身子不舒服，现在好了没有？”

    唐小姐道：“我得很多，并没有不舒服呀！”

    “我又不是主人，你不用向我客套。我明看见你喝了一口汤，就皱眉头就匙儿弄着，没再吃东西。”

    “吃东西有什么好看？老瞧着，好意思么？我不愿意吃给你看，所以不吃，这是你害我的——哈哈，方先生，别当真，我并没知道你在看旁人吃。我问你，你那时候坐在沈太太身边，为什么别着脸，紧闭了嘴，像在受罪？”

    “原来你也是这个道理！”方鸿渐和唐小姐亲密地笑着，两人已成了患难之交。",“我又不是主人，你不用向我客套。我明看见你喝了一口汤，就皱眉头就匙儿弄着，没再吃东西。”,{'方鸿渐'}
142,"褚慎明神色慌张，撇了鸿渐一眼，别转头叫赵辛楣道：“老赵，苏小姐该来了。我这样等女人，生平是破例。”

    辛楣把菜单给跑堂，回头正要答应，看见董斜川在写，忙说：“斜川，你在干什么？”

    董斜川头都不抬道：“我在写诗。”

    辛楣释然道：“快多写几首，我虽不懂诗，最爱看你的诗。我那位朋友苏小姐，新诗做得非常好，对旧诗也很能欣赏。回头把你的诗给她看。”",“斜川，你在干什么？”,"{'辛楣', '老赵', '赵辛楣'}"
143,"辛楣抢说：“还有什么人没有？方先生，你说，你念过中国文学的。”

    鸿渐忙说：“那是从前的事，根本没有念通。”辛楣欣然对苏小姐做个眼色，苏小姐忽然变得很笨，视若无睹。

    “大学里教你国文的是些什么人？”斜川不无兴趣地问。

    鸿渐追想他的国文先生都叫不响，不比罗素，陈散原这些名字，像一支上等哈瓦那雪茄烟，可以挂在口边卖弄，便说：“全是些无名小子，可是教我们这种不通的学生，已经太好了。斜川兄，我对诗词真的一窍不通，叫我做呢，一个字都做不出。”苏小姐嫌鸿渐太没面子，心痒痒地要为他挽回体面。

    斜川冷笑道：“看的是不是燕子庵，人境庐两家的诗？”

    “为什么？”",“全是些无名小子，可是教我们这种不通的学生，已经太好了。斜川兄，我对诗词真的一窍不通，叫我做呢，一个字都做不出。”,"{'方先生', '鸿渐'}"
144,"鸿渐追想他的国文先生都叫不响，不比罗素，陈散原这些名字，像一支上等哈瓦那雪茄烟，可以挂在口边卖弄，便说：“全是些无名小子，可是教我们这种不通的学生，已经太好了。斜川兄，我对诗词真的一窍不通，叫我做呢，一个字都做不出。”苏小姐嫌鸿渐太没面子，心痒痒地要为他挽回体面。

    斜川冷笑道：“看的是不是燕子庵，人境庐两家的诗？”

    “为什么？”

    “这是普通留学生所能欣赏的二毛子旧诗。东洋留雪生捧苏曼殊，西洋留学生捧黄公度。留学生不知道苏东坡，黄山谷，心目间只有这一对苏黄。我没说错罢？还是黄公度好些，苏曼殊诗里的日本味儿，浓得就像日本女人头发上的油气。”

    苏小姐道：“我也是个普通留学生，就不知道近代的旧诗谁算顶好。董先生讲点给我们听听。”","  “这是普通留学生所能欣赏的二毛子旧诗。东洋留雪生捧苏曼殊，西洋留学生捧黄公度。留学生不知道苏东坡，黄山谷，心目间只有这一对苏黄。我没说错罢？还是黄公度好些，苏曼殊诗里的日本味儿，浓得就像日本女人头发上的油气。”

","{'斜川兄', '斜川', '董先生'}"
145,"苏小姐道：“我也是个普通留学生，就不知道近代的旧诗谁算顶好。董先生讲点给我们听听。”

    “当然是陈散原第一。这五六百念年，算他最高。我常说唐以后的大诗人可以把地理名字来概括，叫‘陵谷山原’。三陵：杜少陵，王广陵－－知道这个人么？－－梅宛陵；二谷：李昌谷，黄山谷；四山：王半山，陈后山，元遗山；可是只有一原，陈散原。”说时，翘着左手大拇指。鸿渐懦怯地问道：“不能添个‘坡’字么？”

    “苏东坡，他差一点。”

    鸿渐咋舌不下，想苏东坡的诗还不入他法眼，这人做的诗不知怎样好法，便问他要刚才写的诗来看。苏小姐知道斜川写了诗，也向他讨，因为只有做旧诗的人敢说不看新诗，做新诗的人从不肯说不懂旧诗的。", “当然是陈散原第一。这五六百念年，算他最高。我常说唐以后的大诗人可以把地理名字来概括，叫‘陵谷山原’。三陵：杜少陵，王广陵－－知道这个人么？－－梅宛陵；二谷：李昌谷，黄山谷；四山：王半山，陈后山，元遗山；可是只有一原，陈散原。”,"{'斜川', '董先生'}"
146,"苏小姐知道他在看自己，回脸对他微笑，鸿渐要抵抗这媚力的决心，像出水的鱼，头尾在地上拍动，可是挣扎不起。他站起来道：“文纨，我要走了。”

    苏小姐道：“时间早呢，忙什么？还坐一会。”指着自己身旁，鸿渐刚才坐的地方。

    “我要坐远一点——你太美了！这月亮会作弄我干傻事。”

    苏小姐的笑声轻腻得使鸿渐心里抽痛：“你就这样怕做傻子么？会下来，我不要你这样正襟危坐，又浊拜堂听说教。我问你这聪明人，要什么代价你才肯做子？”转脸向他顽皮地问。",“你就这样怕做傻子么？会下来，我不要你这样正襟危坐，又浊拜堂听说教。我问你这聪明人，要什么代价你才肯做子？”,"{'文纨', '苏小姐'}"
147,"会。一见唐小姐，便知道她今天非常矜持，毫无平时的笑容，出来时手里拿个大纸包。他勇气全漏泄了，说：“我来过两次，你都不在家，礼拜一的信收到没有？”

    “收到了。方先生，”——鸿渐听她恢复最初的称呼，气都不敢透——“方先生听说礼拜二也来过，为什么不进来，我那天倒在家。”

    “唐小姐，”——也还她原来的称呼——“怎么知道我礼拜二来过？”",“方先生听说礼拜二也来过，为什么不进来，我那天倒在家。”,"{'方先生', '鸿渐'}"
148,"鸿渐顿足发恨道：“我跟你吹过我有学位没有？这是闹着玩儿的。”

    “方先生人聪明，一切逢场作戏，可是我们这种笨蛋，把你开的玩笑都得认真——”唐小姐听方鸿渐嗓子哽了，心软下来，可是她这时候愈心疼，愈心恨，愈要责罚他个痛快——“方先生的过去太丰富了！我爱的人，我要能够占领他整个生命，他在碰见我以前，没有过去，留着空白等待我——”鸿渐还低头不——“我只希望方先生前途无量。”",“我跟你吹过我有学位没有？这是闹着玩儿的。”,"{'方先生', '鸿渐'}"
149,"这脸红逃不过老夫妇的观察，彼此做个眼色，豚翁彻底了解地微笑道：“是不是吵嘴闹翻了？这也是少年男女间常有的事，吵一次，感情好一次。双方心里都已经懊悔了，面子上还负气谁也不理谁。我讲得对不对？这时候要有个第三者，出来转圜。你不肯受委屈认错，只有我老头子出面做和事老，给她封宛转的信，她准买我面子。”豚翁笑容和语气里的顽皮，笨重得可以压坍楼板。

    鸿渐宁可父亲生气，最怕他的幽默，慌得信口胡说道：“她早和人订婚了。”",“是不是吵嘴闹翻了？这也是少年男女间常有的事，吵一次，感情好一次。双方心里都已经懊悔了，面子上还负气谁也不理谁。我讲得对不对？这时候要有个第三者，出来转圜。你不肯受委屈认错，只有我老头子出面做和事老，给她封宛转的信，她准买我面子。”,"{'豚翁', '父亲'}"
150,"鸿渐笑道：“我看他们把全家都装在行李里了，老婆、儿子、甚至住的房子。你看李梅亭的铁箱不是有一个人那么高么？他们不必留钱在家里。”

    辛楣也笑了一笑，说：“鸿渐，我在路上要改变作风了。我比你会花钱，贪嘴，贪舒服。在李和顾的眼睛里，咱们俩也许是一对无知小子，不识物力艰难不体谅旁人。从今以后，我不作主了，膳宿一切，都听他们支配。免得我们挑了贵的旅馆饭馆，勉强他们陪着花钱。这次买船票，是个好教训。”

    “老赵，你了不起！真有民主精神，将来准做大总统。这次买船票咱们已经带累了孙小姐，她是脸皮嫩得很的女孩子，话说不出口，你做‘叔叔’的更该替她设想。”

    “是呀。并且孙小姐是学校没有给旅费的，我忘掉告诉你。”", “是呀。并且孙小姐是学校没有给旅费的，我忘掉告诉你。”,"{'老赵', ' 辛楣'}"
151,"辛楣作势把烟烫鸿渐的脸道：“你要我替你介绍，是不是？那容易得很！”

    鸿渐手护着脸笑道：“老实对你说，我没有正眼瞧过她，她脸圆脸扁都没看清楚呢。真是，我们太无礼了！吃饭的时候，我们讲我们的话，没去理她，吃了饭就向甲板上跑，撇下她一个人。她第一次离开家庭，冷清清的更觉得难受了。”

    “我们新吃过女人的亏，都是惊弓之鸟，看见女人影子就怕了。可是你这一念温柔，已经心里下了情种。让我去报告孙小姐，说：‘方先生在疼你呢！’”

    “你放习，我决不做你的‘同情者’；你有酒，留到我吃你跟孙小姐喜酒的时候再灌。”",  “你放习，我决不做你的‘同情者’；你有酒，留到我吃你跟孙小姐喜酒的时候再灌。”,"{'方先生', '鸿渐'}"
152,"辛楣道：“你这人没良心！方才我旁观者看得清清楚楚，孙小姐——唉！这女孩子刁滑得很我带她来，上了大当——孙小姐就像那条鲸鱼，张开了口，你这糊涂虫就像送上门去的那条船。”

    鸿渐笑得打滚道：“神经过敏！神经过敏！”真笑完了，继以假笑，好心里的痛吓退。

    “我相信我们讲的话，全给这女孩子听去了。都是你不好，嗓子提得那么高——”

    “你自己，我可没有。”

    “你想，一个大学毕业生会那样天真幼稚么？‘方先生在哄我，是不是？’”——辛楣逼尖喉咙，自信模仿得维妙维肖", “我相信我们讲的话，全给这女孩子听去了。都是你不好，嗓子提得那么高——”,"{'方先生', '鸿渐'}"
153,辛楣道：“李先生，你一个人用不了这许多呀！是不是高松年托你替学校带的？”梅亭像淹在水里的人，忽然有人拉他一把，感激地不放松道：“对了！对了！内地买不到西药，各位万一生起病来，那时候才知道我李梅亭的功劳呢！”辛楣笑道：“预谢，预谢！有了上半箱的卡片，中国书烧完了，李先生一个人可以教中国文学；有了下半箱的药，中国人全病死了，李先生还可以活着。”顾尔谦道：“哪里的话！李先生不但是学校的功臣，并且是我们的救命恩人——”,“对了！对了！内地买不到西药，各位万一生起病来，那时候才知道我李梅亭的功劳呢！”,"{'李先生', '梅亭'}"
154,李先生若无其事地靠窗昂首抽烟，黑眼镜里欣赏对面的屋顶，两人在床上等得不耐烦，正想叫李梅亭出去忽听那女人说话了：“你们哪块来的啥。”李先生如梦初醒地一跳道：“你问谁呀？我呀？我们是上海来的。”这话并不可笑，而两人笑得把被蒙住头，又赶快揭开被，要听下文。那女人道：“我也是上海来的，逃难来这块的——你们干什么的？”李先生下意识地伸手到口袋里去掏片子，省悟过来，尊严地道：“我们都是大学教授。”,“你问谁呀？我呀？我们是上海来的。”,"{'李梅亭', '李先生'}"
155,李先生听他们话中有因，作酸得心似绞汁的青梅，恨不能向那寡妇问个明白，再痛打阿福一顿。他坐立不定地向外探望，阿福正躲在寡妇房外，左手抚摩着红肿的脸颊，一眼瞥见李梅亭，自言自语：“不向尿缸里照照自己的脸！想吊膀子揩油——”李先生再有涵养工夫也忍不住了，冲出房道：“猪猡！你骂谁？”阿福道：“骂你这猪猡。”李先生道：“猪猡骂我。”阿福道：“我骂猪猡。”,“猪猡！你骂谁？”,"{'李梅亭', '李先生'}"
156,汪处厚见了他，热情地双手握着他的手，好半天搓摩不放，仿佛捉搦了情妇的手，一壁似怨似慕的说：“李先生，你真害我们等死了，我们天天在望你——张先生，薜先生，咱们不是今天早晨还讲起他的——咱们今天早晨还讲起你。路上辛苦啦？好好休息两天，再上课，不忙。我把你的功课全排好了。李先生，咱们俩真是神交久矣。高校长拍电报到成都要我组织中国文学系，我想年纪老了，路又不好走，换生不如守熟，所以我最初实在不想来。高校长，他可真会咕哪！他请舍侄”——张先生，薜先生，黄先生同声说：“汪先生就是汪次长的令伯”——“请舍侄再三劝驾，我却不过情，我内人身体不好，也想换换空气。到这儿来了，知道有你先生，我真高兴，我想这系办得好了——”李梅亭一篇主任口气的训话闷在心里讲不出口，忍住气，搭讪了几句，喝了杯茶，只推头痛，早退席了。,“请舍侄再三劝驾，我却不过情，我内人身体不好，也想换换空气。到这儿来了，知道有你先生，我真高兴，我想这系办得好了——”,"{'汪处厚', '汪先生'}"
157,"他给高松年三百瓦脱的眼光射得不安，觉得这封信不收到是自己的过失，这次来得太冒昧了，果然高松年写信收回成命，同时有一种不出所料的满意，惶遽地说：“没有呀！我真没有收到呀！重要不重要？高先生什么时候发的？”倒像自己撒谎，收到了信在抵赖。

 “咦！怎么没收到？”高松年直跳起来，假惊异的表情做得维妙维肖，比方鸿渐的真惊惶自然得多。他没演话剧，是话剧的不幸而是演员们的大幸——“这信很重要。唉！现在抗战时间的邮政简直该死。可是你先生已经来了，好得很，这些话可以面谈了。”

    鸿渐稍微放心，迎合道：“内地跟上海的信，常出乱子。这次长沙的战事恐怕也有影响，一大批信会遗失，高先生给我的信若是寄出得早——”",“没有呀！我真没有收到呀！重要不重要？高先生什么时候发的？”,"{'鸿渐', '方鸿渐'}"
158,"鸿渐稍微放心，迎合道：“内地跟上海的信，常出乱子。这次长沙的战事恐怕也有影响，一大批信会遗失，高先生给我的信若是寄出得早——”

    高松年做了个一切撇开的手势，宽弘地饶赦那封自己没写，方鸿渐没收到的信：“信就不提了，我深怕方先生看了那封信，会不肯屈就，现在你来了，你就别想跑，呵呵！是这么一回事，你听我说，我跟你先生素昧平生，可是我听辛楣讲起你的学问人品种种，我真高兴，立刻就拍电报请先生来帮忙，电报上说——”高松年顿一顿，试探鸿渐是不是善办交涉的人，因为善办交涉的人决不会这时候替他说他自己许下的条件的。

    可是方鸿渐像鱼吞了饵，一钓就上，急口接说：“高先生电报上招我来当教授，可是没说明白什么系的教授，所以我想问一问？”",“信就不提了，我深怕方先生看了那封信，会不肯屈就，现在你来了，你就别想跑，呵呵！是这么一回事，你听我说，我跟你先生素昧平生，可是我听辛楣讲起你的学问人品种种，我真高兴，立刻就拍电报请先生来帮忙，电报上说——”,"{'高先生', '高松年'}"
159,"方鸿渐笑道：“政治家聚在一起，当然是乌烟瘴气。”

    孙小姐笑了一笑，说：“我今天来谢谢方先生跟赵先生。昨天下午学校会计处把我旅费补送来了。”

    “这是赵先生替你争取来的。跟我无关。”

    “不，我知道，”孙小姐温柔而固执着，“这是你提醒赵先生的。你在船上——”孙小姐省悟多说了半句话，涨红脸，那句话也遭到了腰斩。",  “这是赵先生替你争取来的。跟我无关。”,"{'方先生', '方鸿渐'}"
160,"子潇等鸿渐看见了桌上的信封，忙把这信搁在抽屉里，说：“不相干。有一位朋友招我到外交部去，回他封信。”

    鸿渐信以为真，不得不做出惜别的神情道：“啊哟！怎么陆先生要高就了！校长肯放你走么？”

    子潇连摇头道：“没有的事！做官没有意思，我回信去坚辞的。高校长待人也厚道，好几个电报把我催来，现在你们各位又来了，学校渐渐上规道，我好意思拆他台么？”",“不相干。有一位朋友招我到外交部去，回他封信。”,"{'陆先生', '子潇'}"
161,"鸿渐兴高采烈，没回房就去看辛楣：“老赵，我回来了。今天对不住你，让你一个人吃饭。”

    辛楣因为韩学愈没请自己，独吃了一客又冷又硬的包饭，这吃到的饭在胃里作酸，这没吃到的饭在心里作酸，说：“国际贵宾回来了！饭吃得好呀？是中国菜还是西洋菜？洋太太招待得好不好？”

    “他家里老妈子做的中菜。韩太太真丑！这样的老婆在中国也娶的到，何必去外国去觅呢！辛楣，今天我恨你没有在——”",“国际贵宾回来了！饭吃得好呀？是中国菜还是西洋菜？洋太太招待得好不好？”,"{'老赵', ' 辛楣'}"
162,"鸿渐嗓子里一小处干燥，两手微颤，跟刘东方略事寒暄，就鼓足勇气说：“有一位同事在外面说——我也是人家传给我听的——刘先生很不满意我教的英文，在甲组上课的时候常对学生指摘我讲书的错误——”

    “什么？”刘东方跳起来，“谁说的？”孙小姐脸上的表情更是包罗万象，假装看书也忘掉了。

    “——我本来英文是不行的，这次教英文一半也因为刘先生的命令，讲错当然免不了，只希望刘先生当面教正。不过，这位同事听说跟刘先生有点意见，传来的话我也不甚相信。他还说，我班上那三个傍听的学生也是刘先生派来侦探的。”

    “啊？什么三个学生——孙小姐，你到图书室去替我借一本书，呃，呃，商务出版的‘大学英文选’来，还到庶务科去领——领一百张稿纸来。”

    孙小姐怏怏去了，刘东方听鸿渐报了三个学生的名字，说：“鸿渐兄，你只要想这三个学生都是历史系的，我怎么差唤得动，那位散布谣言的同事是不是历史系的负责人？你把事实聚拢来就明白了。”", “啊？什么三个学生——孙小姐，你到图书室去替我借一本书，呃，呃，商务出版的‘大学英文选’来，还到庶务科去领——领一百张稿纸来。”,"{'刘先生', '刘东方'}"
163,心理分析学者一听这话就知道潜意识在捣鬼，鸿渐把唐晓芙退回自己信的方法报复在旁人身上－－“你干脆把信撕碎了再包－－不，不要了，这太使他难堪。”孙小姐感激道：“我照方先生的话去做，不会错的。我真要谢谢你。我什么事都不懂，也没有一个人可以商量，只怕做错了事。我太不知道怎样做人，做人麻烦死了！方先生，你肯教教我么？”,“你干脆把信撕碎了再包－－不，不要了，这太使他难堪。”,"{'方先生', '鸿渐'}"
164,"柔嘉在黑暗里睡了一个多钟点，骤见灯光，张不开眼，抬一抬眼皮又闭上了，侧身背着灯，呼口长气。鸿渐放了心，才发现丝衬衫给汗湿透了，一壁脱外衣，关切地说：“对不住，把你闹醒了。睡得好不好？身体觉得怎么样？”

    “我朦胧要睡，就给你乒乒乓乓吓醒了。这椅子是你自己坐的，还要骂人！”",“我朦胧要睡，就给你乒乒乓乓吓醒了。这椅子是你自己坐的，还要骂人！”,{'柔嘉'}
165,辛楣满口的“嫂夫人劳步，不敢当”。柔嘉微笑抗议说：“赵叔叔别那样称呼，我当不起。”辛楣道：“没有这个道理——鸿渐，你来得不巧。苏文纨在里面。她这两天在香港，知道我母亲来了，今天刚来看她。你也许不愿意看见苏文纨，所以我赶出来向你打招呼。不过，她知道你在外面。”,“没有这个道理——鸿渐，你来得不巧。苏文纨在里面。她这两天在香港，知道我母亲来了，今天刚来看她。你也许不愿意看见苏文纨，所以我赶出来向你打招呼。不过，她知道你在外面。,"{'辛楣', '赵叔叔'}"
166,方老太太插口说：“是呀！鸿渐从小不能干的，七岁还不会穿衣服。到现在我看他穿衣服不知冷暖，东西甜的咸的乱吃，完全像个孩子，少奶奶，你要留心他。鸿渐，你不听我的话，娶了媳妇，她说的话，你总应该听了。”柔嘉道：“他也不听我的话的——鸿渐，你听见没有？以后你不听我的话，我就告诉婆婆。”,“他也不听我的话的——鸿渐，你听见没有？以后你不听我的话，我就告诉婆婆。”,"{'少奶奶', '柔嘉'}"
167,他回家跟太太讨论这件事，好也很惋惜。不过，她说：“她走了也好，我看她编的副刊并不精彩。她自己写的东西，今天明天，搬来搬去，老是那几句话，倒也省事。看报的人看完就把报纸掷了，不会找出旧报纸来对的。想来她不要出集子，否则几十篇文章其实只有一篇，那真是大笑话了。像她那样，‘家庭与妇女’，我也会编；你可以替她的缺，编‘文化与艺术’。”鸿渐道：“我没有你这样自信。好太太，你不知道拉稿子的苦。我老实招供给你听罢：‘家庭与妇女’里‘主妇须知’那一栏，什么‘酱油上浇了麻油就不会发霉’等等，就是我写的。”柔嘉笑得肚子都痛了，说：“笑死我了！你懂得什么酱油上浇麻油！是不是向李妈学的？我倒一向没留心。”,“她走了也好，我看她编的副刊并不精彩。她自己写的东西，今天明天，搬来搬去，老是那几句话，倒也省事。看报的人看完就把报纸掷了，不会找出旧报纸来对的。想来她不要出集子，否则几十篇文章其实只有一篇，那真是大笑话了。像她那样，‘家庭与妇女’，我也会编；你可以替她的缺，编‘文化与艺术’。”,"{'太太', '柔嘉'}"
168,多甫大姐夫，在变法潮浪来得正猛的时节，佩服了福海二哥，并且不大出门，老老实实地在屋中温习《六言杂字》。他非常严肃地跟大姐讨论：“福海二哥真有先见之明！我看咱们也得想个办法！”“对付吧！没有过不去的事！”大姐每逢遇到难以解决的问题，总是拿出这句名言来。“这回呀，就怕对付不过去！”“你有主意，就说说吧！多甫！”大姐这样称呼他，觉得十分时髦、漂亮。,“福海二哥真有先见之明！我看咱们也得想个办法！”,"{'多甫大姐夫', '多甫'}"
169,“贵国的砚台，以哪种石头为最好呢？”纳雨声翰林为表示自己不怕外国人，这样发问。牛牧师想了想，没法儿回答，只好咔咔了两声。笑完，居然想起一句：“这块值多少钱？”“珍秀斋刚给送来，要八十两，还没给价儿。雨翁说，值多少？”定大爷一边回答牧师，一边问纳翰林。“给五十两吧，值！”纳雨翁怕冷淡了林小秋，补上一句，“秋翁说呢？”,“贵国的砚台，以哪种石头为最好呢？”,"{'纳雨声翰林', '纳雨翁', '雨翁', '纳雨声'}"
170,"“有什么事，坐下说，二妹妹！”张大哥命令着她，然后用烟斗指着老李，“这不是外人；说吧。”

妇人未曾说话，泪落得很流畅。

张大哥一点不着急，可是装出着急的样子，“说话呀，二妹，你看！”

“您的二兄弟呀，”抽了一口气，“叫巡警给拿去了！这可怎么好！”泪又是三串。

“为什么呢？”",“叫巡警给拿去了！这可怎么好！”,"{'二妹', '二妹妹'}"
171,张大哥由着老李哭，过去劝李太太：“大妹妹，不用往心里去，这算不了什么！那群人专会掏坏，没有正经的。再遇上他们的时候，我告诉您，大妹妹，不管三七二十一，和他们嘴是嘴，眼是眼，一点别饶人，他们管保不闹了；您越怕，他们越得意。”“不是呀，大哥，您看我，我不惯那么着呀，我哪斗得过几个大老爷们呀！”她越想越觉伤心，也要哭出声来。“大妹妹，别，看吓着孩子们！”李太太一听吓着孩子，赶紧把泪往肚子里咽。,“不是呀，大哥，您看我，我不惯那么着呀，我哪斗得过几个大老爷们呀！”她越想越觉伤心，也要哭出声来。“大妹妹，别，看吓着孩子们！”,"{'李太太', '大妹妹'}"
172,老李不知是哭好，还是笑好。把请帖接过来，爽性和邱先生谈一谈。在张大哥眼中，邱先生是极新的人物。老李要细看看这个新人物。“老邱，你看咱们这么活着有意思没有？”邱先生愣了半天，笑了笑：“没意思！生命入了圈，和野鸟入了笼，一样的没意思。我少年的时候是个野驴；中年，结了婚，做了事，变成个贼鬼溜滑的皮驴；将来，拉到德胜门外，大锅煮，卖驴肉。我不会再跳出圈外，谁也不能。我现在是冷一会热一会，热的时候只能发点小性，冷的时候请客赔情；发疟子的生活。没办法。我不甘心做个小官僚，我不甘心做个好丈夫，可是不做这个做什么去呢？我早看出，你比我硬，可也没硬着多少，你我只是程度上的差别，其实是一锅里的菜。完了，谈点无聊的吧；只有无聊的话开心。”老李又摔破了一个“人蛋”，原来老邱也认识自己。二人成了好朋友，老李没把请帖又放在字纸篓里。,“没意思！生命入了圈，和野鸟入了笼，一样的没意思。我少年的时候是个野驴；中年，结了婚，做了事，变成个贼鬼溜滑的皮驴；将来，拉到德胜门外，大锅煮，卖驴肉。我不会再跳出圈外，谁也不能。我现在是冷一会热一会，热的时候只能发点小性，冷的时候请客赔情；发疟子的生活。没办法。我不甘心做个小官僚，我不甘心做个好丈夫，可是不做这个做什么去呢？我早看出，你比我硬，可也没硬着多少，你我只是程度上的差别，其实是一锅里的菜。完了，谈点无聊的吧；只有无聊的话开心。”,"{'邱先生', '老邱'}"
173,福海二哥笑起来：“老太太，这个小兄弟跟我小时候一样的不体面！刚生下来的娃娃都看不出模样来！你们老太太呀……”他没往下说，而又哈哈了一阵。母亲没表示意见，只叫了声：“福海！”“是！”二哥急忙答应，他知道母亲要说什么。“您放心，全交给我啦！明天洗三，七姥姥八姨的总得来十口八口儿的，这儿二妹妹管装烟倒茶，我跟小六儿（小六儿是谁，我至今还没弄清楚）当厨子，两杯水酒，一碟炒蚕豆，然后是羊肉酸菜热汤儿面，有味儿没味儿，吃个热乎劲儿。好不好？您哪！”,“您放心，全交给我啦！明天洗三，七姥姥八姨的总得来十口八口儿的，这儿二妹妹管装烟倒茶，我跟小六儿（小六儿是谁，我至今还没弄清楚）当厨子，两杯水酒，一碟炒蚕豆，然后是羊肉酸菜热汤儿面，有味儿没味儿，吃个热乎劲儿。好不好？您哪！”,"{'福海二哥', '二哥', '福海'}"
174,"张大嫂正洗家伙，一边擦着胡萝卜似的手指，一边往屋里来，刚一开开门，“哟，二妹妹？坐下呀！”二妹妹一见大嫂子，眼睛又开了河。

“我说，给二妹弄点什么吃。”张大哥发了命令。“我吃不下去，大哥！我的心在嗓子眼里堵着呢，还吃？”二妹妹转向大嫂，“您瞧，大嫂子，您的二兄弟叫巡警给拿了去啦！”

“哟！”张大嫂仿佛绝对没想到巡警可以把二兄弟拿去似的，“哟！这怎会说的！几儿拿去的？怎么拿去的？为什么拿去的？”",“哟！这怎会说的！几儿拿去的？怎么拿去的？为什么拿去的？”,{'张大嫂'}
175,可是他们回来了，老李又哭起来，老太太莫名其妙。听见老李住了声才敢过来。“张先生，怎回事呀？”“老李被同事们起哄灌醉了；您还没歇着哪，老太太？”“没哪，她们娘儿三个走后，我又不放心了，直提心吊胆的一大晚上！”“老李呀，你睡去，我该走了，明天见。”张大哥似乎有把这一案交给马老太太撕拉的意思。,“老李被同事们起哄灌醉了；您还没歇着哪，老太太？”,"{'张大哥', '张先生'}"
176,老李的闷火又要冒烟，可是压制住自己。“小赵，说脆快的，假如张大哥送给你钱，你能饶了他的女儿不能？”“老李，你这怎说话呢？什么饶了饶了的，该打！可是，你说说，他能给多少钱？”“一所房子。”小赵把头摇得像风扇，“一所小房，一所？把个共产党释放出来，就值一所小房？”“可是天真并不真是共产党！”“有错拿没错放的，小赵一句话可以叫他出来，一句话也可以叫他死。随张大哥的便；他的话是怎么说都可以。”,“有错拿没错放的，小赵一句话可以叫他出来，一句话也可以叫他死。随张大哥的便；他的话是怎么说都可以。”,{'小赵'}
177,姑母似乎在半夜里就策划好：别人办喜事，自己要不发发脾气，那就会使喜事办的平平无奇，缺少波澜。到九点钟，大姐还没来，她看看太阳，觉得不甩点闲话，一定对不起这么晴朗的阳光。“我说，”她对着太阳说：“太阳这么高了，大姑奶奶怎么还不露面？一定，一定又是那个大酸枣眼睛的老梆子不许她来！我找她去，跟她讲讲理！她要是不讲理，我把她的酸枣核儿抠出来！”,“太阳这么高了，大姑奶奶怎么还不露面？一定，一定又是那个大酸枣眼睛的老梆子不许她来！我找她去，跟她讲讲理！她要是不讲理，我把她的酸枣核儿抠出来！”,{'姑母'}
178,"张大哥的热心是无限的，能力是无限的；只要吃了他的涮羊肉，他叫你娶一头黄牛，也得算着！

老李急得直出汗，只能说：“我再想想！”

“干吗‘再’想想啊？早晚还不是这么回事！”老李从月亮上落在黑土道上！从诗意一降而为接家眷！自己打自己的嘴巴！",“干吗‘再’想想啊？早晚还不是这么回事！”,{'张大哥'}
179,“办一件公事有什么了不得的？”老李心中非常地讨厌小赵，可是到底不能不回答他。“老李，大嫂昨天回家好呀，没骂我？”“哪能呢？她开了眼，乐得直并不上嘴！”老李很奇怪自己，居然能说出这样漂亮话来。,“老李，大嫂昨天回家好呀，没骂我？”,{'小赵'}
180,李太太在屋里躺着呢。英进去报告一切，妈也不答理。“爸，你给我买好吃没有？”菱审问着爸。爸忘了。忽然地想起来：“菱你等着，爸给买好吃去。”放下菱，跑出来。跑到门洞，马少奶奶把门对好，正往里走。“您又上哪儿？”她往旁边一躲。,“您又上哪儿？”,{'马少奶奶'}
181,二哥正跟六小儿往酒里对水。为省钱，他打了很少的酒，所以得设法使这一点酒取之不尽，用之不竭。二姐拉了拉他的袖子，往外指了指。他拿着酒壶出来，极亲热地走向姑母：“老太太，您闻闻，有酒味没有？”“酒嘛，怎能没酒味儿，你又憋着什么坏呢？”“是这么回事，要是酒味儿太大，还可以再对点水！”“你呀，老二，不怪你妈妈叫你二鬼子！”姑母无可如何地笑了。,“是这么回事，要是酒味儿太大，还可以再对点水！”,"{'二鬼子', '老二', '二哥'}"
182,老李没预备好去诊张大哥的手心，来回翻了翻手，然后，没办法，在裤子上擦了擦手心的汗。“对不起，对不起！早来了吧？坐，坐下！我就是一天瞎忙，无事忙。坐下。有茶没有？”老李忙着坐下，又忙着看碗里有茶没有，没说出什么来。张大哥接着说：“我去把东西交给她。”头向厨房那边点着。“就来；喝茶，别客气！”,“对不起，对不起！早来了吧？坐，坐下！我就是一天瞎忙，无事忙。坐下。有茶没有？”,{'张大哥'}
183,老李是不惯于详细地陈说，话总是横着出来，虽然没意思吵嘴。于是两下不来台。“我不能再去，还是那群人，昨晚上还没把人丢够，再找补上点是怎着？”李太太的脸都气白了。“正是因为那个，才必须去，叫他们看看到底那些坏招儿能不能把谁的鼻子擦了去！”“自然不是你的鼻子！”“我叫你去，你就得去；还有太太们呢！”“不去定了，偏不去！”老李知道这非闹一阵不可了。可是有什么意思呢？,“正是因为那个，才必须去，叫他们看看到底那些坏招儿能不能把谁的鼻子擦了去！”,{'老李'}
184,工友捂着脸去找所长，所长转开了眼珠：“叫巡警把她撵开！”继而一想，男女平权的时代，不宜得罪女人，况且知道她是谁？“请赵科员代见。”小赵很高兴地来到会客厅，接见女客，美差！及至女客进来，他瞪了眼，吴太太！“好了，你叫我来闹，我来了，怎么闹吧？你说！”方墩太太坐下了。工友为是保护科员，在一旁侍立，全听了去。,“好了，你叫我来闹，我来了，怎么闹吧？你说！”,"{'方墩太太', '吴太太'}"
185,除夕，母亲和我很早地就昏昏睡去，似乎对过年不大感觉兴趣。二姐帮着姑母作年菜，姑母一边工作，一边叨唠，主要是对我不满。“早不来，晚不来，偏偏在过年的时候来捣乱，贼秃子！”每逢她骂到满宫满调的时候，父亲便过来，笑着问问：“姐姐，我帮帮您吧！”“你？”姑母打量着他，好像向来不曾相识似的。“你不想想就说话！你想想，你会干什么？”,“姐姐，我帮帮您吧！”,{'父亲'}
186,他走了，二妹妹帮着张大嫂收拾家伙。“秀真还在学校里住哪？”二妹妹一边擦筷子一边问。秀真是张大嫂的女儿。“可不是；别提啦，二妹妹，这年头养女儿才麻烦呢！”哗——一壶开水倒在绿盆里。“您这还不是造化，有儿有女，大哥又这么能事；吃的喝的用的要什么有什么！”,“可不是；别提啦，二妹妹，这年头养女儿才麻烦呢！”,{'张大嫂'}
187,过了两天，老李从衙门回来，看太太的脸上带着些不常见的笑容，好像心中有所获得似的。“吴太太来了。”她说。他点点头，心里说，“方墩！”“吴太太敢情也不省心呀？”她试着路儿说。“怎么？”“吴先生敢情不大老实呢！”老李哼了一声。男人批评别人的太太，妇人批评自己的丈夫！,“吴太太来了。”,{'太太'}
188,小赵很高兴地来到会客厅，接见女客，美差！及至女客进来，他瞪了眼，吴太太！“好了，你叫我来闹，我来了，怎么闹吧？你说！”方墩太太坐下了。工友为是保护科员，在一旁侍立，全听了去。“李顺，走！”赵科员发了令。“嗻！”李顺很不愿意出去，可是不敢违抗命令。“大姐，你算糟到家了！”小赵把李顺送了出去，关上门，对方墩说，“不是叫你见所长吗？”“他不见我，我有什么法儿呢？”,“他不见我，我有什么法儿呢？”,"{'方墩太太', '吴太太', '方墩'}"
189,不大会儿，小李果然过来了。二姐刚要往外走，姑母开开了屋门：“二妞，刚才，刚才我给你的……喂了狗吧！来，过来！”她塞到二姐手中一张新红钱票，然后邦的一声关上了门。二姐出去，买了些糖豆大酸枣儿，和两串冰糖葫芦。回来，先问姑母：“姑姑，您不吃一串葫芦吗？白海棠的！”姑母回答了声：“睡觉喽！明年见！”,“姑姑，您不吃一串葫芦吗？白海棠的！”,"{'二姐', '二妞'}"
190,老李决定了接家眷，先“这么”活着试试。可是始终想不起什么时候下乡去。张大哥每天早晨必定报告一些消息：“房子定好了；看看去？”“何必看；您的眼睛不比我的有准？”老李把感激的话总说得不受听了。好在张大哥明白老李的为人，因而不但不恼，反觉得可以自傲。“三张桌子，六把椅子，一个榆木擦漆的——漆皮稍微有些不大好看了——衣橱；暂时可以对付了吧？”第二天早晨的报告。老李只好点头，表示可以对付。,“三张桌子，六把椅子，一个榆木擦漆的——漆皮稍微有些不大好看了——衣橱；暂时可以对付了吧？”,{'张大哥'}
191,老李对丁二爷没什么可说的。可是太太仿佛得着谈话的对手。她说的，丁二爷不但是懂得，而且有同情的欣赏。“天可真冷！”她说。“够瞧的！滴水成冰！年底下，正冷的时候！”他加上了些注解。“口蘑怎那么贵呀！”李太太叹息。“要不怎么说‘口’蘑呢，贵，不贱，真不贱！”丁二爷也叹息着。,够瞧的！滴水成冰！年底下，正冷的时候！”,{'丁二爷'}
192,邱太太来了。纸板似的，好像专会往别人家的苦恼里挤。老李想把她撵出去，可是不敢：得陪着说话，无论如何无聊！“李先生，我来问你，你看邱真有意学学吴先生吗？”两槽牙全露出来。“不知道。”“哼！你们男人都互相地帮忙，有团体！我才不怕，离婚，正好！”“干吗再说，那么？”老李心中说。,“不知道。”,"{'李先生', '老李'}"
193,王掌柜一边思索着一边说，所以说的很慢：“十成，我连洋布大衫都看不上，更甭说洋人、洋教了！可是……”“爹！”十成在新裤子上擦了擦手心上的汗：“爹！你多年不在乡下，你不知道我们受的是什么！大毛子听二毛子的撺掇，官儿又听大毛子的旨意，一个老百姓还不如这条狗！”十成指了指大黄。“我顶恨二毛子，他们忘了本！”王掌柜和二哥都好一会儿没说出话来。,“爹！你多年不在乡下，你不知道我们受的是什么！大毛子听二毛子的撺掇，官儿又听大毛子的旨意，一个老百姓还不如这条狗！”,{'十成'}
194,张大哥对老李有些失望。再看，新糊的窗子被丁二爷戳了个窟窿。不怪张大哥看不起他们。“老李，明天上我那儿取几张风景画片，一副对联，一个中堂，好在都没上款。”老李看了看墙上，才发现了黑白分明不大好看。“糊一糊好了。”他说。“知道能住多少日子呀，白给人家糊？况且糊墙就得糊顶棚，你还不能四白落地，可是上边悬着块黑膏药。再说，一裱糊，又是天翻地覆，东西都得挪动。”张大哥点上了烟斗。,“知道能住多少日子呀，白给人家糊？况且糊墙就得糊顶棚，你还不能四白落地，可是上边悬着块黑膏药。再说，一裱糊，又是天翻地覆，东西都得挪动。”,{'张大哥'}
195,老李招呼跑堂的，再来一壶；丁二爷连说不喝了，可是酒到了，他自己斟满。呷了一口，“多年了！”好像他心中始终没忘了这句。“李先生，谢谢你的酒饭！多年了！”他又喝了一口。“妇女，妇女，”他脸上的笑容已经不见，眼直看着酒盅，“妇女最不可靠，最不可靠，您不恼丁二，没出息的丁二，白吃饭的丁二，这么说？”老李觉着不大得劲，可是很愿听听他说什么，又笑了笑，“我也是那么看。”,“妇女最不可靠，最不可靠，您不恼丁二，没出息的丁二，白吃饭的丁二，这么说？”,"{'丁二爷', '丁二'}"
196,正在这个时节，吴太太来了，进了屋门就哭。方墩的脸上青了好几块，右眼上一个大黑圈。“我活不成了，活不成了！”看见张大嫂也在这里，更觉得势力雄厚些：“老李，你不叫我活着，我也叫你平安不了。吴小子虽然厉害，向来没打过我；现在，你看看，看看！”她指着脸上的伤。“都是你，你把他顶下来，你叫他和我离婚：今天就是今天了，咱们俩上当街说去！”,“我活不成了，活不成了！”,"{'吴太太', '方墩'}"
197,反对他入教最力的是多二爷。多老二也摸不清基督教的信仰是什么，信它有什么好处或什么坏处。他的最重要的理由是：“哥哥，难道你就不要祖先了吗？入了教不准上坟烧纸！”“那，”多大爷的脸不像弟弟的那么长，而且一急或一笑，总把眉眼口鼻都挤到一块儿去，像个多褶儿的烧卖。此时，他的脸又皱得像个烧卖。“那，我不去上坟，你去，不是两面都不得罪吗？告诉你，老二，是天使给我托了梦！前些日子，我一点辙也没有。可是，我梦见了天使，告诉我：‘城外有生机’。我就出了城，顺着护城河慢慢地走。忽然，我听见了蛙叫，咕呱，咕呱！我一想，莫非那个梦就应验在田鸡身上吗？连钓带捉，我就捉到二十多只田鸡。你猜，我遇见了谁？”他停住口，等弟弟猜测。,“哥哥，难道你就不要祖先了吗？入了教不准上坟烧纸！”“,"{'多二爷', '多老二'}"
198,吴先生也到了。“啊，老李，回来了？家中都好？”和老李握了握手。他的手比老李的大着两号——按着手套的尺寸说——柔软，滑溜，带着科员的热力。然后，掏出一毛钱的票子：“张顺，送车钱去！”吴先生非常正直，可是眼角上也有点笑意，和邱先生的那个相似，虽然程度上不那么深。,“张顺，送车钱去！”,{'吴先生'}
199,正赶上天很冷，马少奶奶似乎有不出屋门的意思；李太太自己也忙着预备年菜，一时离不开厨房。蒸上馒头之际，忽然有了主意：“英，上东屋看看大婶去。”“昨儿不是妈不准我再去吗？”黑小子的记忆力还不坏。“那是跟你说着玩呢；你去吧。”“菱也去！”她早就想上东屋去。“都去吧！英，好好拉着菱。”两位小天使在东屋玩了有一刻来钟，李太太在屋门口叫：“英啊，该家来吧，别紧自给大婶添乱，大年底下的！”,“那是跟你说着玩呢；你去吧。”,{'李太太'}
200,丁二爷找到小赵。“赵先生，”丁二爷叫，仿佛称呼别人“先生”是件极体面的事，“赵先生！”“丁二吗？有什么事？”小赵是有分寸的，丁二爷只是“丁二”，无须加以客气的称呼。“秀姑娘叫我来的。”,“赵先生！”,"{'丁二爷', '丁二'}"
201,“大哥！你忘了咱们是大清国的人吗？饿死，我不能去巴结洋鬼子！”多老二斩钉截铁地说。“大清国？哈哈！”多老大冷笑着：“连咱们的皇上也怕洋人！”“说的好！”多老二真急了。“你要是真敢信洋教，大哥，别怪我不准你再进我的门！”“你敢！我是你哥哥，亲哥哥！我高兴几时来就几时来！”多老大气哼哼地走出去。,“你敢！我是你哥哥，亲哥哥！我高兴几时来就几时来！”,{'多老大'}
202,老李不敢决定一切，只感觉着夫妇之间隔着些什么东西。算了吧，让脑子休息会儿吧：“不用了，英；先吃饭，吃完再去。”“爸，菱抱羊一块吃饭饭！”“好。”老李还有一句，“给老山羊点饭饭吃。”可是打不起精神说。,“不用了，英；先吃饭，吃完再去。”,{'老李'}
203,两位小天使在东屋玩了有一刻来钟，李太太在屋门口叫：“英啊，该家来吧，别紧自给大婶添乱，大年底下的！”“再玩一会儿！”英喊。“家来吧，啊？”李太太急于听听马少奶奶的语气。“在这儿玩吧，我不忙。”马少奶奶非常地和气。“吃过了饭，大妹妹？”李太太要细细地化验化验。“吃过了，您也吃了吧？”非常地和蔼，好听。一块石头落了地：“莫非她昨天没听见？”李太太心里说。然后大声地：“你们都好好的，不许和大婶讪脸，听见没有？”,“吃过了，您也吃了吧？”,"{'大妹妹', '马少奶奶'}"
204,“李先生，去吧，街上不很难走！”丁二爷诚恳地劝驾。老李只好答应着，“就去。”英看出了破绽：“二大，街上不难走？你看看！”指着地上的小湖。“哦，马路当中很好走；我是喜欢得没顾挑着路走，我一直地蹬，花啦，花啦！”丁二爷非常地得意，似乎是做下一件极浪漫的事。“二大，”英的冒险心被丁二大爷激动起，“带我上街蹬水去！咱们都脱了光脚鸭？”“今天可不行，丁二还有事呢，还得找小赵去呢！”他十二分抱歉，所以对英自称“丁二”。,“今天可不行，丁二还有事呢，还得找小赵去呢！”,"{'丁二大爷', '二大', '丁二爷', '丁二'}"
205,王掌柜从多二爷那里得到了底细。他不再怀疑十成所说的了。他想：眼睛多是在北京，假若是在乡下，该怎样横行霸道呢？怪不得十成那么恨他们。“王掌柜！”多二爷含羞带愧地叫：“王掌柜！他欠下几个月的了？”“三个多月了，没还一个小钱！”“王掌柜！我，我慢慢地替他还吧！不管怎么说，他总是我的哥哥！”多二爷含着泪说。,“王掌柜！我，我慢慢地替他还吧！不管怎么说，他总是我的哥哥！”,{'多二爷'}
206,大嫂走到院中，西屋老太太正在院中添炉子。大嫂觉得应当替李太太托咐托咐，虽然自己也不认识老太太。“老太太，你添火哪？”“您可别那么称呼我，还小呢，才六十五！屋里坐着。”老太太添火一半是为在院中旁听，巴不得借个机会加入谈话会。“贵姓呀？”,您可别那么称呼我，还小呢，才六十五！屋里坐着。”,{'老太太'}
207,太太去抓药，老李把英叫来：“菱呢？”“菱叫干妈给抱走了。”“干妈来了？”“来了，张大哥也来了。”“哪个张大哥？”老李想不起英的张大哥是谁，刚要这么问，不由得笑了，“英，他不是你的大哥，叫张伯伯。”“妈老叫他张大哥，嘻嘻。”黑小子找到根据。,“妈老叫他张大哥，嘻嘻。”,"{'黑小子', '英'}"
208,“看这个小布尔乔亚！”马克同指着英说，“世界还没多大希望！”李太太看丈夫不言语，挂了气：“我说，你们俩是干吗的呀？”“我俩是同志；你们是干吗的？”马同志反攻。李太太回答不出。有心要给他个嘴巴，又不肯下手。屋门开了，马老太太进来：“快走，上咱们屋去！”“妈同志！”马克同立起来，拉住老太太的手，“就在这儿吧，这儿还凉快些。”,“我俩是同志；你们是干吗的？”,"{'马同志', '马克同'}"
209,二哥已在院中立了一会儿。他知道，多甫一玩起来便心无二用，听不见也看不见旁的，而且讨厌有人闯进来。见鸽子都安全地落在房上，他才敢开口：“多甫，不错呀！”“哟！二哥！”多甫这才看见客人。他本想说两句道歉的话，可是一心都在鸽子上，爽兴就接着二哥的话茬儿说下去：“什么？不错？光是不错吗？看您说的！这是点真学问！我叫下它们来，您细瞧瞧！每一只都值得瞧半天的！”他往栅子里撒了一把高粱，鸽子全飞了下来。“您看！您要是找紫点子和黑点子的样本儿，都在这儿呢！您看看，全是凤头的，而且是多么大，多么俊的凤头啊！美呀！飞起来，美；落下来，美；这才算地道玩艺儿！”,“什么？不错？光是不错吗？看您说的！这是点真学问！我叫下它们来，您细瞧瞧！每一只都值得瞧半天的！”,{'多甫'}
210,大嫂把认干女儿的经过，从头至尾，有枝添叶地讲演了一番。老李有点高兴；大嫂既肯认菱作干女儿，菱必是非常地可爱，有许多可爱的地方他自己大概还没看到。“大妹妹可真是个俏式小媳妇，头是头，脚是脚，又安稳，又老实！”大嫂讲演完了干姑娘，开始褒奖干姑娘的母亲。从干姑娘的母亲又想到干姑娘的父亲：“老李——亲家，你就别不满意啦；还要什么样的媳妇呀？干干净净，老老实实，得了！况且，有这么一对虎头虎脑的小宝贝；放下你们年青小伙子的贪心吧！该得就得，快快乐乐地过日子，比什么也强。看那个马老太太——”“哪个马老太太？”,“大妹妹可真是个俏式小媳妇，头是头，脚是脚，又安稳，又老实！,{'大嫂'}
211,老李没精神往下辩论。待了半天：“英，我说胡话来着没有？”“那天爸还唱来着呢，妈哭，我也哭了。”英嘻嘻了两声，追想爸唱妈哭自己也哭的情景，颇可笑。“菱哭着叫干妈给抱走了。我也要去，妈把我拦住了，嘻嘻。”英想了会儿；“东屋大婶也哭来着，在东屋里。妈不理我，我就上东屋去玩，看见大婶的大眼睛——不是我说像俩星星吗？——有眼泪，好看极了，嘻嘻。,“那天爸还唱来着呢，妈哭，我也哭了。”,{'英'}
212,左方的钱码比右方的多着许多！母亲的鬓角也有了汗珠！她坐着发愣，左右为难。最后，二姐搭讪着说了话：“奶奶！还钱吧，心里舒服！这个月，头绳、锭儿粉、梳头油，咱们都不用买！咱们娘儿俩多给灶王爷磕几个头，告诉他老人家：以后只给他上一炷香，省点香火！”母亲叹了口气：“唉！叫灶王爷受委屈，于心不忍哪！”“咱们也苦着点，灶王爷不是就不会挑眼了吗？”二姐提出具体的意见：“咱们多端点豆汁儿，少吃点硬的；多吃点小葱拌豆腐，少吃点炒菜，不就能省下不少吗？”,“唉！叫灶王爷受委屈，于心不忍哪！,{'母亲'}
213,没等二哥细细欣赏那些美丽的凤头，多甫又指着一对“紫老虎帽儿”说：“二哥！二哥！看看这一对宝贝吧！帽儿一直披过了肩，多么好的尺寸，还一根杂毛儿也没有啊！告诉您，没地方找去！”他放低了声音，好像怕隔墙有耳：“庆王府的！府里的秀泉，秀把式偷出来的一对蛋！到底是王府里的玩艺儿，孵出来的哪是鸽子，是凤凰哟！”“嗯！是真体面！得送给秀把式一两八钱的吧？”“二哥，您是怎么啦？一两八钱的，连看也不叫看一眼啊！靠着面子，我给了他三两。可是，这一对小活宝贝得值多少银子啊？二哥，不信您马上拍出十两银子来，看我肯让给您不肯！”,“嗯！是真体面！得送给秀把式一两八钱的吧？”,{'二哥'}
214,妈妈收拾完了，儿子已早把豆浆等吃了个净尽。“妈，老头这几天手里怎样？”天真手插在裤袋里，挺着胸，眼看着棚，脚尖往起欠，很像电影明星。“又要钱？”妈妈不知是笑好，还是哭好。“不是；得做一身礼服；我自己不要钱。有个朋友下礼拜结婚，请我做伴郎，得穿礼服。”,“妈，老头这几天手里怎样？”,{'天真'}
215,“马奶奶呢？”老李故意地岔开。“老奶奶天天过来看爸，给爸抓过好几次药了。妈妈老要自己去，老奶奶抢过药方就走，连钱也不要妈妈的。那个老梆子，嘻嘻。”“说什么呢，英？”“干妈净管张大——啊，伯伯，叫老梆子；我当是老人都叫老梆子呢。”“不准说。”黑小子换了题目，“爸，你怎么生了病？嘻嘻。”,“爸，你怎么生了病？嘻嘻。”,"{'黑小子', '英'}"
216,“咱们也苦着点，灶王爷不是就不会挑眼了吗？”二姐提出具体的意见：“咱们多端点豆汁儿，少吃点硬的；多吃点小葱拌豆腐，少吃点炒菜，不就能省下不少吗？”“二妞，你是个明白孩子！”母亲在愁苦之中得到一点儿安慰。“好吧，咱们多勒勒裤腰带吧！你去，还是我去？”“您歇歇吧，我去！”母亲就把铜钱和钱票一组一组地分清楚，交给二姐，并且嘱咐了又嘱咐：“还给他们，马上就回来！你虽然还梳着辫子，可也不小啦！见着便宜坊的老王掌柜，不准他再拉你的骆驼；告诉他：你是大姑娘啦！”,“您歇歇吧，我去！”,"{'二姐', '二妞'}"
217,“多甫，”旗人的文化已经提到这么高，正翁当着客人面前，称儿子的号而不呼名了。“多甫，你坐下！”看儿子坐下了，正翁本不想咳嗽，可是又似乎有咳嗽的必要，于是就有腔有调地咳嗽了一会儿，而后问二哥：“定大爷肯管这个事吗？”“我不知道，所以才来请您帮帮忙！”,我不知道，所以才来请您帮帮忙！”,{'二哥'}
218,“没准儿”是张大哥最忌讳的三个字。但是不便和儿子辩论。又待了半天，“据我看，不如学财政好。”“财政也行；那么您一定送我留洋了？”天真立起来。“我并没那么说！上外洋一年得多少钱？”“还不得两三千？”天真约摸着说。,“财政也行；那么您一定送我留洋了？”,{'天真'}
219,李太太想了会儿，心中一向没有过这个观念。四口人的事，找老妈子？工钱之外，吃，喝，还得偷点？再说，有了仆人，我该做什么，仆人该做什么？况且，我的东西就不许别人动：我的衣裳叫老妈子粗枝大叶地洗，洗两回就搓几个窟窿？我的厨房由她占据着……她的回答很简单：“我不累！”“我想菱。”他说。“接回来呀，我也怪想的呢！”“菱回来，不又多一份事？”“人家有五六个孩子的呢，没老妈子也没吃不上喝不上！”“怕你太累！”“不累！”老李再没有话说。“要是找老妈子，”李太太思索了半天，“还不如把二利找来呢。”,“接回来呀，我也怪想的呢！”,{'李太太'}
220,二哥还信白莲教！他没有造反、推翻皇朝的意思，一点也没有。他只是为坚守不动烟酒的约束，而入了“理门[插图]”。本来，在友人让烟让酒的时候，他拿出鼻烟壶，倒出点茶叶末颜色的闻药来，抹在鼻孔上，也就够了。大家不会强迫一位“在理儿的”破戒。可是，他偏不说自己“在理儿”，而说：我是白莲教！不错，“理门”确与白莲教有些关系，可是在一般人的心目中，“在理儿”是好事，而白莲教便有些可怕了。母亲便对他说过：“老二，在理儿的不动烟酒，很好！何必老说白莲教呢，叫人怪害怕的！”二哥听了，便爽朗地笑一阵：“老太太！我这个白莲教不会造反！”母亲点点头：“对！那就好！”,“老太太！我这个白莲教不会造反！”,{'二哥'}
221,“多甫，”正翁掏出四吊钱的票子来，“给你，出去蹓蹓！看有好的小白梨，买几个来，这两天我心里老有点火。”多甫接过钱来，扭头就走，大有子路负米的孝心与勇气。“二哥，您坐着，我给老爷子找小白梨去！什么时候打，我听您一句话，决不含糊！”他摇晃着肩膀走了出去。“正翁，您……”二哥问。“老二，”正翁亲切地叫，“老二！咱们顶好别去蹚浑水！”,“二哥，您坐着，我给老爷子找小白梨去！什么时候打，我听您一句话，决不含糊！”,{'多甫'}
222,天真也不便再说，给父亲一个草案，以后再慢慢进行，资本老头的钱不能像流水那么痛快。“水仙好哇，今年，还是您自己晒的？”天真一阵明白，知道讨资本老头的喜欢是要去留洋的第一步，而夸奖老头自己晒的水仙是讨喜欢的捷径。“不算十分好，”资本老头的眼从烟斗上挪到儿子的脸部，然后沉着气立起来，“不算十分好。”走到水仙花那里，用手在花苞的下面横着一比，“去年的才这样矮；今年的长荒了；屋子还是太热。”,不算十分好，”,{'资本老头'}
223,孙先生打着自创的国语向老李报告：“吴太极儿，”他以为无论什么字后加上个“儿”便是官话，“和小赵儿，哎呀，打得凶！压根儿没完，到如今儿没完，哎哟，凶得很！”“为什么呢？”连慢性的老李也着了急。“小赵儿呀，有个未婚妻儿，压根儿顶呱呱，呱呱叫！”“他还没娶过，那么？”“压根儿没娶过，压根儿也娶过，瘸子的屁股儿，斜门！”,“小赵儿呀，有个未婚妻儿，压根儿顶呱呱，呱呱叫！”,{'孙先生'}
224,大舅听出客人的语气急切，因而不便马上动问。他比客人高着一品，须拿出为官多年，经验丰富，从容不迫的神态来。于是，他先去看鸟，而且相当内行地夸赞了几句。直到大姐公公又叫了两声云翁，他才开始说正经话：“正翁！我也有点不安！真要是能自力更生不可，您看，您看，我五十多了，头发掉了多一半，肩膀越来越歪，可叫我干什么去呢？这不是什么变法，是要我的老命！”“嗻！是！”正翁轻嗽了两下，几乎完全没有音乐性。,“正翁！我也有点不安！真要是能自力更生不可，您看，您看，我五十多了，头发掉了多一半，肩膀越来越歪，可叫我干什么去呢？这不是什么变法，是要我的老命！”,"{'云翁', '大舅'}"
225,二哥说完，定大爷闭上眼，深思。而后，睁开眼，他用细润白胖，大指上戴着个碧绿明润的翡翠扳指的手，轻脆地拍了胖腿一下：“啊！啊？我看你不错，你来给我办学堂吧！”“啊？”二哥吓了一跳。“你先别出声，听我说！”定大爷微微有点急切地说：“大清国为什么……啊？”凡是他不愿明说的地方，他便问一声“啊”，叫客人去揣摩。“旗人，像你说的那个什么多，啊？去巴结外国人？还不都因为幼而失学，不明白大道理吗？非办学堂不可！非办不可！你就办去吧！我看你很好，你行！哈哈哈！”,“旗人，像你说的那个什么多，啊？去巴结外国人？还不都因为幼而失学，不明白大道理吗？非办学堂不可！非办不可！你就办去吧！我看你很好，你行！哈哈哈！,{'定大爷'}
226,“您没养洋水仙花，今年？”天真心里直暗笑自己。“太慢，非到阴历二月初开不了，而且今年也真贵，四毛五分钱一头；玩不起！可是好哇，上面看花，下面看根，养好了根子这么长。前天才听说，洋水仙开过之后，等叶子干了，把包儿头朝下挂在不见阳光，干松的地方，到冬天就又能开花。事就奇怪，怎么倒挂着，”烟斗头朝了下，“就又能拔尖子呢？其中必有个道理！”张大哥显出爱用思想的样子。“把小孩子倒栽葱养着，大了准能做高官。”天真觉得自己非常地幽默，而且对父亲过度地和气。,“太慢，非到阴历二月初开不了，而且今年也真贵，四毛五分钱一头；玩不起！可是好哇，上面看花，下面看根，养好了根子这么长。前天才听说，洋水仙开过之后，等叶子干了，把包儿头朝下挂在不见阳光，干松的地方，到冬天就又能开花。事就奇怪，怎么倒挂着，”烟斗头朝了下，“就又能拔尖子呢？其中必有个道理！”,{'张大哥'}
227,老李马上草了一个呈文，每个字都斟酌了三四遍，然后誊清，拿着去找孙先生。心里说，不能人人都像邱先生吧？！“哎呀，老李儿，好文章，呱呱叫。”孙先生接过保状，一边看一边夸赞。凡是有孙先生不识的字的文章都是好文章，所以他连呼“好文章，呱呱叫！”看完，他递给老李，“好，压根儿好！”“签个字吧？”老李极和气地说。“我呀？叫我签字呀？哎呀，等下看，等下看。文章是好的，呱呱叫！”老李拿起笔来，自己签上了名：“我先把自己写在前面，等正式誊录的时候，再商量一下谁领衔好。”,“我先把自己写在前面，等正式誊录的时候，再商量一下谁领衔好。”,"{'老李', '老李儿'}"
228,“是嘛！真要是不再发钱粮，叫我下街去卖……”正翁把手捂在耳朵上，学着小贩的吆喝，眼中含着泪，声音凄楚：“赛梨㖿，辣来换！我，我……”他说不下去了。“正翁，您的身子骨儿比我结实多了。我呀，连卖半空儿多给，都受不了啊！”“云翁！云翁！您听我说！就是给咱们每人一百亩地，自耕自种，咱们有办法没有？”“由我这儿说，没有！甭说我拿不动锄头，就是拿得动，我要不把大拇脚指头锄掉了，才怪！”,“赛梨㖿，辣来换！我，我……”,{'正翁'}
229,二哥要笑，可是没笑出来；他也不怎么觉得一阵难过。他赶紧把话拉回来：“那，那什么，定大爷，您看王掌柜的事儿怎么办呢？”“那，他不过是个老山东儿！”这句话伤了二哥的心。他低下头去，半天没说出话来。“怎么啦？怎么啦？”定大爷相当急切地问。,“那，他不过是个老山东儿！”,{'定大爷'}
230,她要伸手拿杯子，张大哥又发了话：“老吴你替李太太喝点吧；白兰地厉害，她还得照应着孩子们呢。”吴太极觉得张大哥是看得起他，“老吴是军人，李大嫂，喝个一瓶两瓶没关系。”一口灌下去一杯，哈了一声，打了个抱虎归山，用手背擦了擦嘴。还觉得不尽兴，“老李，咱替了李太太一杯，咱俩得对一杯，公道不公道？请！”没等老李说什么，他又干了一杯，紧跟着，“开酒！”,“老吴是军人，李大嫂，喝个一瓶两瓶没关系。”,"{'老吴', '吴太极'}"
231,吴太太的眼睛找了李太太去。李太太一时聪明，想起个主意来：“你偷偷地把那个小东西给小赵送回去，不就完了吗？”“这倒是个主意，大妹妹，是个主意，”方墩因为脖子太粗不能点头，一劲儿眨巴眼。“我回去再想想，啊——想起来了，我找邱太太去，看她有主意没有。”吴太太似乎决定不再向男人们要主意。,“这倒是个主意，大妹妹，是个主意，”,"{'吴太太', '方墩'}"
232,“是嘛！真要是不再发钱粮，叫我下街去卖……”正翁把手捂在耳朵上，学着小贩的吆喝，眼中含着泪，声音凄楚：“赛梨㖿，辣来换！我，我……”他说不下去了。“正翁，您的身子骨儿比我结实多了。我呀，连卖半空儿多给，都受不了啊！”“云翁！云翁！您听我说！就是给咱们每人一百亩地，自耕自种，咱们有办法没有？”“由我这儿说，没有！甭说我拿不动锄头，就是拿得动，我要不把大拇脚指头锄掉了，才怪！”,“由我这儿说，没有！甭说我拿不动锄头，就是拿得动，我要不把大拇脚指头锄掉了，才怪！”,{'正翁'}
233,定大爷正和两位翰林公欣赏一块古砚。见牛牧师进来，他才转身拱手，很响亮地说：“牛牧师！我是定禄！请坐！”牧师还没坐下，主人又说了话：“啊，引见引见，这是林小秋翰林，这是纳雨声翰林，都坐！坐！”,“牛牧师！我是定禄！请坐！”,"{'定禄', '定大爷'}"
